acerkaz.ruexpert.net;Acer RuExpert;6;10;330;52486489;4;Асер РуЭксперт
acerkal.ruexpert.net;Acer RuExpert;6;49;92;52486549;4;Асер РуЭксперт
acerkem.ruexpert.net;Acer RuExpert;6;60;332;52486552;4;Асер РуЭксперт
acerkur.ruexpert.net;Acer RuExpert;6;32;331;52486534;4;Асер РуЭксперт
acerlip.ruexpert.net;Acer RuExpert;6;21;333;52486531;4;Асер РуЭксперт
acermag.ruexpert.net;Acer RuExpert;6;33;334;52486540;4;Асер РуЭксперт
acernab.ruexpert.net;Acer RuExpert;6;29;335;52486543;4;Асер РуЭксперт
acerniz.ruexpert.net;Acer RuExpert;6;7;336;52486555;4;Асер РуЭксперт
acernov.ruexpert.net;Acer RuExpert;6;9;337;52486537;4;Асер РуЭксперт
acerore.ruexpert.net;Acer RuExpert;6;27;338;52486546;4;Асер РуЭксперт
acerpen.ruexpert.net;Acer RuExpert;6;20;339;52486558;4;Асер РуЭксперт
acerper.ruexpert.net;Acer RuExpert;6;23;340;52486564;4;Асер РуЭксперт
acersam.ruexpert.net;Acer RuExpert;6;11;341;52486561;4;Асер РуЭксперт
acersmo.ruexpert.net;Acer RuExpert;6;53;342;52486588;4;Асер РуЭксперт
acersoc.ruexpert.net;Acer RuExpert;6;43;343;52486591;4;Асер РуЭксперт
acertve.ruexpert.net;Acer RuExpert;6;34;344;52486582;4;Асер РуЭксперт
acertol.ruexpert.net;Acer RuExpert;6;36;345;52486579;4;Асер РуЭксперт
acertom.ruexpert.net;Acer RuExpert;6;18;346;52486567;4;Асер РуЭксперт
acertul.ruexpert.net;Acer RuExpert;6;28;347;52486576;4;Асер РуЭксперт
aceruly.ruexpert.net;Acer RuExpert;6;26;348;52486585;4;Асер РуЭксперт
acerufa.ruexpert.net;Acer RuExpert;6;22;349;52486573;4;Асер РуЭксперт
acerhab.ruexpert.net;Acer RuExpert;6;64;350;52486615;4;Асер РуЭксперт
acerche.ruexpert.net;Acer RuExpert;6;3;351;52486600;4;Асер РуЭксперт
alcatelkaz.ruexpert.net;Alcatel RuExpert;6;10;330;52486618;14;Алкател РуЭксперт
alcatelkal.ruexpert.net;Alcatel RuExpert;6;49;92;52486612;14;Алкател РуЭксперт
alcatelkem.ruexpert.net;Alcatel RuExpert;6;60;332;52486606;14;Алкател РуЭксперт
alcatelkur.ruexpert.net;Alcatel RuExpert;6;32;331;52486603;14;Алкател РуЭксперт
alcatellip.ruexpert.net;Alcatel RuExpert;6;21;333;52486597;14;Алкател РуЭксперт
alcatelmag.ruexpert.net;Alcatel RuExpert;6;33;334;52486594;14;Алкател РуЭксперт
alcatelnab.ruexpert.net;Alcatel RuExpert;6;29;335;52486621;14;Алкател РуЭксперт
alcatelniz.ruexpert.net;Alcatel RuExpert;6;7;336;52486609;14;Алкател РуЭксперт
alcatelnov.ruexpert.net;Alcatel RuExpert;6;9;337;52486630;14;Алкател РуЭксперт
alcatelore.ruexpert.net;Alcatel RuExpert;6;27;338;52486627;14;Алкател РуЭксперт
alcatelpen.ruexpert.net;Alcatel RuExpert;6;20;339;52486645;14;Алкател РуЭксперт
alcatelper.ruexpert.net;Alcatel RuExpert;6;23;340;52486633;14;Алкател РуЭксперт
alcatelsam.ruexpert.net;Alcatel RuExpert;6;11;341;52486648;14;Алкател РуЭксперт
alcatelsmo.ruexpert.net;Alcatel RuExpert;6;53;342;52486651;14;Алкател РуЭксперт
alcatelsoc.ruexpert.net;Alcatel RuExpert;6;43;343;52486636;14;Алкател РуЭксперт
alcateltve.ruexpert.net;Alcatel RuExpert;6;34;344;52486624;14;Алкател РуЭксперт
alcateltol.ruexpert.net;Alcatel RuExpert;6;36;345;52486642;14;Алкател РуЭксперт
alcateltom.ruexpert.net;Alcatel RuExpert;6;18;346;52486639;14;Алкател РуЭксперт
alcateltul.ruexpert.net;Alcatel RuExpert;6;28;347;52486681;14;Алкател РуЭксперт
alcateluly.ruexpert.net;Alcatel RuExpert;6;26;348;52486669;14;Алкател РуЭксперт
alcatelufa.ruexpert.net;Alcatel RuExpert;6;22;349;52486666;14;Алкател РуЭксперт
alcatelhab.ruexpert.net;Alcatel RuExpert;6;64;350;52486660;14;Алкател РуЭксперт
alcatelche.ruexpert.net;Alcatel RuExpert;6;3;351;52486657;14;Алкател РуЭксперт
applekaz.ruexpert.net;Apple RuExpert;6;10;330;52486663;21;Эпл РуЭксперт
applekal.ruexpert.net;Apple RuExpert;6;49;92;52486654;21;Эпл РуЭксперт
applekem.ruexpert.net;Apple RuExpert;6;60;332;52486675;21;Эпл РуЭксперт
applekur.ruexpert.net;Apple RuExpert;6;32;331;52486672;21;Эпл РуЭксперт
applelip.ruexpert.net;Apple RuExpert;6;21;333;52486678;21;Эпл РуЭксперт
applemag.ruexpert.net;Apple RuExpert;6;33;334;52486684;21;Эпл РуЭксперт
applenab.ruexpert.net;Apple RuExpert;6;29;335;52486699;21;Эпл РуЭксперт
appleniz.ruexpert.net;Apple RuExpert;6;7;336;52486693;21;Эпл РуЭксперт
applenov.ruexpert.net;Apple RuExpert;6;9;337;52486690;21;Эпл РуЭксперт
appleore.ruexpert.net;Apple RuExpert;6;27;338;52486696;21;Эпл РуЭксперт
applepen.ruexpert.net;Apple RuExpert;6;20;339;52486711;21;Эпл РуЭксперт
appleper.ruexpert.net;Apple RuExpert;6;23;340;52486687;21;Эпл РуЭксперт
applesam.ruexpert.net;Apple RuExpert;6;11;341;52486702;21;Эпл РуЭксперт
applesmo.ruexpert.net;Apple RuExpert;6;53;342;52486708;21;Эпл РуЭксперт
applesoc.ruexpert.net;Apple RuExpert;6;43;343;52486705;21;Эпл РуЭксперт
appletve.ruexpert.net;Apple RuExpert;6;34;344;52486729;21;Эпл РуЭксперт
appletol.ruexpert.net;Apple RuExpert;6;36;345;52486738;21;Эпл РуЭксперт
appletom.ruexpert.net;Apple RuExpert;6;18;346;52486732;21;Эпл РуЭксперт
appletul.ruexpert.net;Apple RuExpert;6;28;347;52486735;21;Эпл РуЭксперт
appleuly.ruexpert.net;Apple RuExpert;6;26;348;52486720;21;Эпл РуЭксперт
appleufa.ruexpert.net;Apple RuExpert;6;22;349;52486741;21;Эпл РуЭксперт
applehab.ruexpert.net;Apple RuExpert;6;64;350;52486717;21;Эпл РуЭксперт
appleche.ruexpert.net;Apple RuExpert;6;3;351;52486714;21;Эпл РуЭксперт
bqkaz.ruexpert.net;BQ RuExpert;6;10;330;52486726;37;БКю РуЭксперт
bqkal.ruexpert.net;BQ RuExpert;6;49;92;52486723;37;БКю РуЭксперт
bqkem.ruexpert.net;BQ RuExpert;6;60;332;52486744;37;БКю РуЭксперт
bqkur.ruexpert.net;BQ RuExpert;6;32;331;52486747;37;БКю РуЭксперт
bqlip.ruexpert.net;BQ RuExpert;6;21;333;52486762;37;БКю РуЭксперт
bqmag.ruexpert.net;BQ RuExpert;6;33;334;52486756;37;БКю РуЭксперт
bqnab.ruexpert.net;BQ RuExpert;6;29;335;52486771;37;БКю РуЭксперт
bqniz.ruexpert.net;BQ RuExpert;6;7;336;52486750;37;БКю РуЭксперт
bqnov.ruexpert.net;BQ RuExpert;6;9;337;52486765;37;БКю РуЭксперт
bqore.ruexpert.net;BQ RuExpert;6;27;338;52486768;37;БКю РуЭксперт
bqpen.ruexpert.net;BQ RuExpert;6;20;339;52486753;37;БКю РуЭксперт
bqper.ruexpert.net;BQ RuExpert;6;23;340;52486759;37;БКю РуЭксперт
bqsam.ruexpert.net;BQ RuExpert;6;11;341;52486789;37;БКю РуЭксперт
bqsmo.ruexpert.net;BQ RuExpert;6;53;342;52486792;37;БКю РуЭксперт
bqsoc.ruexpert.net;BQ RuExpert;6;43;343;52486780;37;БКю РуЭксперт
bqtve.ruexpert.net;BQ RuExpert;6;34;344;52486774;37;БКю РуЭксперт
bqtol.ruexpert.net;BQ RuExpert;6;36;345;52486777;37;БКю РуЭксперт
bqtom.ruexpert.net;BQ RuExpert;6;18;346;52486786;37;БКю РуЭксперт
bqtul.ruexpert.net;BQ RuExpert;6;28;347;52486783;37;БКю РуЭксперт
bquly.ruexpert.net;BQ RuExpert;6;26;348;52486795;37;БКю РуЭксперт
bqufa.ruexpert.net;BQ RuExpert;6;22;349;52486801;37;БКю РуЭксперт
bqhab.ruexpert.net;BQ RuExpert;6;64;350;52486798;37;БКю РуЭксперт
bqche.ruexpert.net;BQ RuExpert;6;3;351;52486810;37;БКю РуЭксперт
canonkaz.ruexpert.net;Canon RuExpert;6;10;330;52486816;23;Кэнон RuExpert
canonkal.ruexpert.net;Canon RuExpert;6;49;92;52486828;23;Кэнон RuExpert
canonkem.ruexpert.net;Canon RuExpert;6;60;332;52486804;23;Кэнон RuExpert
canonkur.ruexpert.net;Canon RuExpert;6;32;331;52486867;23;Кэнон RuExpert
canonlip.ruexpert.net;Canon RuExpert;6;21;333;52486822;23;Кэнон RuExpert
canonmag.ruexpert.net;Canon RuExpert;6;33;334;52486825;23;Кэнон RuExpert
canonnab.ruexpert.net;Canon RuExpert;6;29;335;52486807;23;Кэнон RuExpert
canonniz.ruexpert.net;Canon RuExpert;6;7;336;52486813;23;Кэнон RuExpert
canonnov.ruexpert.net;Canon RuExpert;6;9;337;52486819;23;Кэнон RuExpert
canonore.ruexpert.net;Canon RuExpert;6;27;338;52487731;23;Кэнон RuExpert
canonpen.ruexpert.net;Canon RuExpert;6;20;339;52487716;23;Кэнон RuExpert
canonper.ruexpert.net;Canon RuExpert;6;23;340;52487740;23;Кэнон RuExpert
canonsam.ruexpert.net;Canon RuExpert;6;11;341;52487719;23;Кэнон RuExpert
canonsmo.ruexpert.net;Canon RuExpert;6;53;342;52487737;23;Кэнон RuExpert
canonsoc.ruexpert.net;Canon RuExpert;6;43;343;52487734;23;Кэнон RuExpert
canontve.ruexpert.net;Canon RuExpert;6;34;344;52487722;23;Кэнон RuExpert
canontol.ruexpert.net;Canon RuExpert;6;36;345;52487713;23;Кэнон RuExpert
canontom.ruexpert.net;Canon RuExpert;6;18;346;52487725;23;Кэнон RuExpert
canontul.ruexpert.net;Canon RuExpert;6;28;347;52487728;23;Кэнон RuExpert
canonuly.ruexpert.net;Canon RuExpert;6;26;348;52487761;23;Кэнон RuExpert
canonufa.ruexpert.net;Canon RuExpert;6;22;349;52487758;23;Кэнон RuExpert
canonhab.ruexpert.net;Canon RuExpert;6;64;350;52487752;23;Кэнон RuExpert
canonche.ruexpert.net;Canon RuExpert;6;3;351;52487749;23;Кэнон RuExpert
dellkaz.ruexpert.net;Dell RuExpert;6;10;330;52487770;9;Делл РуЭксперт
dellkal.ruexpert.net;Dell RuExpert;6;49;92;52487755;9;Делл РуЭксперт
dellkem.ruexpert.net;Dell RuExpert;6;60;332;52487746;9;Делл РуЭксперт
dellkur.ruexpert.net;Dell RuExpert;6;32;331;52487743;9;Делл РуЭксперт
delllip.ruexpert.net;Dell RuExpert;6;21;333;52487767;9;Делл РуЭксперт
dellmag.ruexpert.net;Dell RuExpert;6;33;334;52487764;9;Делл РуЭксперт
dellnab.ruexpert.net;Dell RuExpert;6;29;335;52487800;9;Делл РуЭксперт
dellniz.ruexpert.net;Dell RuExpert;6;7;336;52487776;9;Делл РуЭксперт
dellnov.ruexpert.net;Dell RuExpert;6;9;337;52487779;9;Делл РуЭксперт
dellore.ruexpert.net;Dell RuExpert;6;27;338;52487791;9;Делл РуЭксперт
dellpen.ruexpert.net;Dell RuExpert;6;20;339;52487788;9;Делл РуЭксперт
dellper.ruexpert.net;Dell RuExpert;6;23;340;52487782;9;Делл РуЭксперт
dellsam.ruexpert.net;Dell RuExpert;6;11;341;52487785;9;Делл РуЭксперт
dellsmo.ruexpert.net;Dell RuExpert;6;53;342;52487803;9;Делл РуЭксперт
dellsoc.ruexpert.net;Dell RuExpert;6;43;343;52487794;9;Делл РуЭксперт
delltve.ruexpert.net;Dell RuExpert;6;34;344;52487797;9;Делл РуЭксперт
delltol.ruexpert.net;Dell RuExpert;6;36;345;52487833;9;Делл РуЭксперт
delltom.ruexpert.net;Dell RuExpert;6;18;346;52487806;9;Делл РуЭксперт
delltul.ruexpert.net;Dell RuExpert;6;28;347;52487812;9;Делл РуЭксперт
delluly.ruexpert.net;Dell RuExpert;6;26;348;52487821;9;Делл РуЭксперт
dellufa.ruexpert.net;Dell RuExpert;6;22;349;52487815;9;Делл РуЭксперт
dellhab.ruexpert.net;Dell RuExpert;6;64;350;52487830;9;Делл РуЭксперт
dellche.ruexpert.net;Dell RuExpert;6;3;351;52487809;9;Делл РуЭксперт
dexpkaz.ruexpert.net;DEXP RuExpert;6;10;330;52487824;38;Дексп РуЭксперт
dexpkal.ruexpert.net;DEXP RuExpert;6;49;92;52487818;38;Дексп РуЭксперт
dexpkem.ruexpert.net;DEXP RuExpert;6;60;332;52487827;38;Дексп РуЭксперт
dexpkur.ruexpert.net;DEXP RuExpert;6;32;331;52487863;38;Дексп РуЭксперт
dexplip.ruexpert.net;DEXP RuExpert;6;21;333;52487848;38;Дексп РуЭксперт
dexpmag.ruexpert.net;DEXP RuExpert;6;33;334;52487839;38;Дексп РуЭксперт
dexpnab.ruexpert.net;DEXP RuExpert;6;29;335;52487845;38;Дексп РуЭксперт
dexpniz.ruexpert.net;DEXP RuExpert;6;7;336;52487851;38;Дексп РуЭксперт
dexpnov.ruexpert.net;DEXP RuExpert;6;9;337;52487860;38;Дексп РуЭксперт
dexpore.ruexpert.net;DEXP RuExpert;6;27;338;52487842;38;Дексп РуЭксперт
dexppen.ruexpert.net;DEXP RuExpert;6;20;339;52487866;38;Дексп РуЭксперт
dexpper.ruexpert.net;DEXP RuExpert;6;23;340;52487857;38;Дексп РуЭксперт
dexpsam.ruexpert.net;DEXP RuExpert;6;11;341;52487854;38;Дексп РуЭксперт
dexpsmo.ruexpert.net;DEXP RuExpert;6;53;342;52487872;38;Дексп РуЭксперт
dexpsoc.ruexpert.net;DEXP RuExpert;6;43;343;52487890;38;Дексп РуЭксперт
dexptve.ruexpert.net;DEXP RuExpert;6;34;344;52487869;38;Дексп РуЭксперт
dexptol.ruexpert.net;DEXP RuExpert;6;36;345;52487893;38;Дексп РуЭксперт
dexptom.ruexpert.net;DEXP RuExpert;6;18;346;52487878;38;Дексп РуЭксперт
dexptul.ruexpert.net;DEXP RuExpert;6;28;347;52487875;38;Дексп РуЭксперт
dexpuly.ruexpert.net;DEXP RuExpert;6;26;348;52487887;38;Дексп РуЭксперт
dexpufa.ruexpert.net;DEXP RuExpert;6;22;349;52487896;38;Дексп РуЭксперт
dexphab.ruexpert.net;DEXP RuExpert;6;64;350;52487881;38;Дексп РуЭксперт
dexpche.ruexpert.net;DEXP RuExpert;6;3;351;52487884;38;Дексп РуЭксперт
digmakaz.ruexpert.net;Digma RuExpert;6;10;330;52487899;39;Дигма РуЭксперт
digmakal.ruexpert.net;Digma RuExpert;6;49;92;52487917;39;Дигма РуЭксперт
digmakem.ruexpert.net;Digma RuExpert;6;60;332;52487911;39;Дигма РуЭксперт
digmakur.ruexpert.net;Digma RuExpert;6;32;331;52487920;39;Дигма РуЭксперт
digmalip.ruexpert.net;Digma RuExpert;6;21;333;52487914;39;Дигма РуЭксперт
digmamag.ruexpert.net;Digma RuExpert;6;33;334;52487902;39;Дигма РуЭксперт
digmanab.ruexpert.net;Digma RuExpert;6;29;335;52487926;39;Дигма РуЭксперт
digmaniz.ruexpert.net;Digma RuExpert;6;7;336;52487905;39;Дигма РуЭксперт
digmanov.ruexpert.net;Digma RuExpert;6;9;337;52487923;39;Дигма РуЭксперт
digmaore.ruexpert.net;Digma RuExpert;6;27;338;52487908;39;Дигма РуЭксперт
digmapen.ruexpert.net;Digma RuExpert;6;20;339;52487938;39;Дигма РуЭксперт
digmaper.ruexpert.net;Digma RuExpert;6;23;340;52487929;39;Дигма РуЭксперт
digmasam.ruexpert.net;Digma RuExpert;6;11;341;52487941;39;Дигма РуЭксперт
digmasmo.ruexpert.net;Digma RuExpert;6;53;342;52487950;39;Дигма РуЭксперт
digmasoc.ruexpert.net;Digma RuExpert;6;43;343;52487953;39;Дигма РуЭксперт
digmatve.ruexpert.net;Digma RuExpert;6;34;344;52487935;39;Дигма РуЭксперт
digmatol.ruexpert.net;Digma RuExpert;6;36;345;52487947;39;Дигма РуЭксперт
digmatom.ruexpert.net;Digma RuExpert;6;18;346;52487956;39;Дигма РуЭксперт
digmatul.ruexpert.net;Digma RuExpert;6;28;347;52487944;39;Дигма РуЭксперт
digmauly.ruexpert.net;Digma RuExpert;6;26;348;52487932;39;Дигма РуЭксперт
digmaufa.ruexpert.net;Digma RuExpert;6;22;349;52487971;39;Дигма РуЭксперт
digmahab.ruexpert.net;Digma RuExpert;6;64;350;52487983;39;Дигма РуЭксперт
digmache.ruexpert.net;Digma RuExpert;6;3;351;52487977;39;Дигма РуЭксперт
emachineskaz.ruexpert.net;eMachines RuExpert;6;10;330;52487968;40;еМашинес РуЭксперт
emachineskal.ruexpert.net;eMachines RuExpert;6;49;92;52487980;40;еМашинес РуЭксперт
emachineskem.ruexpert.net;eMachines RuExpert;6;60;332;52487959;40;еМашинес РуЭксперт
emachineskur.ruexpert.net;eMachines RuExpert;6;32;331;52487986;40;еМашинес РуЭксперт
emachineslip.ruexpert.net;eMachines RuExpert;6;21;333;52487974;40;еМашинес РуЭксперт
emachinesmag.ruexpert.net;eMachines RuExpert;6;33;334;52487962;40;еМашинес РуЭксперт
emachinesnab.ruexpert.net;eMachines RuExpert;6;29;335;52487965;40;еМашинес РуЭксперт
emachinesniz.ruexpert.net;eMachines RuExpert;6;7;336;52487995;40;еМашинес РуЭксперт
emachinesnov.ruexpert.net;eMachines RuExpert;6;9;337;52488004;40;еМашинес РуЭксперт
emachinesore.ruexpert.net;eMachines RuExpert;6;27;338;52487992;40;еМашинес РуЭксперт
emachinespen.ruexpert.net;eMachines RuExpert;6;20;339;52488010;40;еМашинес РуЭксперт
emachinesper.ruexpert.net;eMachines RuExpert;6;23;340;52488013;40;еМашинес РуЭксперт
emachinessam.ruexpert.net;eMachines RuExpert;6;11;341;52487989;40;еМашинес РуЭксперт
emachinessmo.ruexpert.net;eMachines RuExpert;6;53;342;52487998;40;еМашинес РуЭксперт
emachinessoc.ruexpert.net;eMachines RuExpert;6;43;343;52488007;40;еМашинес РуЭксперт
emachinestve.ruexpert.net;eMachines RuExpert;6;34;344;52488016;40;еМашинес РуЭксперт
emachinestol.ruexpert.net;eMachines RuExpert;6;36;345;52488001;40;еМашинес РуЭксперт
emachinestom.ruexpert.net;eMachines RuExpert;6;18;346;52488121;40;еМашинес РуЭксперт
emachinestul.ruexpert.net;eMachines RuExpert;6;28;347;52488409;40;еМашинес РуЭксперт
emachinesuly.ruexpert.net;eMachines RuExpert;6;26;348;52488115;40;еМашинес РуЭксперт
emachinesufa.ruexpert.net;eMachines RuExpert;6;22;349;52488112;40;еМашинес РуЭксперт
emachineshab.ruexpert.net;eMachines RuExpert;6;64;350;52488124;40;еМашинес РуЭксперт
emachinesche.ruexpert.net;eMachines RuExpert;6;3;351;52488103;40;еМашинес РуЭксперт
explaykaz.ruexpert.net;Explay RuExpert;6;10;330;52488106;41;Эксплей РуЭксперт
explaykal.ruexpert.net;Explay RuExpert;6;49;92;52488118;41;Эксплей РуЭксперт
explaykem.ruexpert.net;Explay RuExpert;6;60;332;52488109;41;Эксплей РуЭксперт
explaykur.ruexpert.net;Explay RuExpert;6;32;331;52488100;41;Эксплей РуЭксперт
explaylip.ruexpert.net;Explay RuExpert;6;21;333;52488154;41;Эксплей РуЭксперт
explaymag.ruexpert.net;Explay RuExpert;6;33;334;52488142;41;Эксплей РуЭксперт
explaynab.ruexpert.net;Explay RuExpert;6;29;335;52488151;41;Эксплей РуЭксперт
explayniz.ruexpert.net;Explay RuExpert;6;7;336;52488148;41;Эксплей РуЭксперт
explaynov.ruexpert.net;Explay RuExpert;6;9;337;52488127;41;Эксплей РуЭксперт
explayore.ruexpert.net;Explay RuExpert;6;27;338;52488133;41;Эксплей РуЭксперт
explaypen.ruexpert.net;Explay RuExpert;6;20;339;52488136;41;Эксплей РуЭксперт
explayper.ruexpert.net;Explay RuExpert;6;23;340;52488139;41;Эксплей РуЭксперт
explaysam.ruexpert.net;Explay RuExpert;6;11;341;52488145;41;Эксплей РуЭксперт
explaysmo.ruexpert.net;Explay RuExpert;6;53;342;52488130;41;Эксплей РуЭксперт
explaysoc.ruexpert.net;Explay RuExpert;6;43;343;52488160;41;Эксплей РуЭксперт
explaytve.ruexpert.net;Explay RuExpert;6;34;344;52488184;41;Эксплей РуЭксперт
explaytol.ruexpert.net;Explay RuExpert;6;36;345;52488163;41;Эксплей РуЭксперт
explaytom.ruexpert.net;Explay RuExpert;6;18;346;52488175;41;Эксплей РуЭксперт
explaytul.ruexpert.net;Explay RuExpert;6;28;347;52488169;41;Эксплей РуЭксперт
explayuly.ruexpert.net;Explay RuExpert;6;26;348;52488178;41;Эксплей РуЭксперт
explayufa.ruexpert.net;Explay RuExpert;6;22;349;52488166;41;Эксплей РуЭксперт
explayhab.ruexpert.net;Explay RuExpert;6;64;350;52488172;41;Эксплей РуЭксперт
explayche.ruexpert.net;Explay RuExpert;6;3;351;52488181;41;Эксплей РуЭксперт
flykaz.ruexpert.net;Fly RuExpert;6;10;330;52488157;16;Флай RuExpert
flykal.ruexpert.net;Fly RuExpert;6;49;92;52488211;16;Флай RuExpert
flykem.ruexpert.net;Fly RuExpert;6;60;332;52488193;16;Флай RuExpert
flykur.ruexpert.net;Fly RuExpert;6;32;331;52488208;16;Флай RuExpert
flylip.ruexpert.net;Fly RuExpert;6;21;333;52488187;16;Флай RuExpert
flymag.ruexpert.net;Fly RuExpert;6;33;334;52488199;16;Флай RuExpert
flynab.ruexpert.net;Fly RuExpert;6;29;335;52488205;16;Флай RuExpert
flyniz.ruexpert.net;Fly RuExpert;6;7;336;52488196;16;Флай RuExpert
flynov.ruexpert.net;Fly RuExpert;6;9;337;52488214;16;Флай RuExpert
flyore.ruexpert.net;Fly RuExpert;6;27;338;52488202;16;Флай RuExpert
flypen.ruexpert.net;Fly RuExpert;6;20;339;52488190;16;Флай RuExpert
flyper.ruexpert.net;Fly RuExpert;6;23;340;52488223;16;Флай RuExpert
flysam.ruexpert.net;Fly RuExpert;6;11;341;52488235;16;Флай RuExpert
flysmo.ruexpert.net;Fly RuExpert;6;53;342;52488229;16;Флай RuExpert
flysoc.ruexpert.net;Fly RuExpert;6;43;343;52488232;16;Флай RuExpert
flytve.ruexpert.net;Fly RuExpert;6;34;344;52488226;16;Флай RuExpert
flytol.ruexpert.net;Fly RuExpert;6;36;345;52488241;16;Флай RuExpert
flytom.ruexpert.net;Fly RuExpert;6;18;346;52488217;16;Флай RuExpert
flytul.ruexpert.net;Fly RuExpert;6;28;347;52488220;16;Флай RuExpert
flyuly.ruexpert.net;Fly RuExpert;6;26;348;52488238;16;Флай RuExpert
flyufa.ruexpert.net;Fly RuExpert;6;22;349;52488244;16;Флай RuExpert
flyhab.ruexpert.net;Fly RuExpert;6;64;350;52488274;16;Флай RuExpert
flyche.ruexpert.net;Fly RuExpert;6;3;351;52488271;16;Флай RuExpert
highscreenkaz.ruexpert.net;Highscreen RuExpert;6;10;330;52488256;45;Хайскрин RuExpert
highscreenkal.ruexpert.net;Highscreen RuExpert;6;49;92;52488262;45;Хайскрин RuExpert
highscreenkem.ruexpert.net;Highscreen RuExpert;6;60;332;52488259;45;Хайскрин RuExpert
highscreenkur.ruexpert.net;Highscreen RuExpert;6;32;331;52488265;45;Хайскрин RuExpert
highscreenlip.ruexpert.net;Highscreen RuExpert;6;21;333;52488250;45;Хайскрин RuExpert
highscreenmag.ruexpert.net;Highscreen RuExpert;6;33;334;52488247;45;Хайскрин RuExpert
highscreennab.ruexpert.net;Highscreen RuExpert;6;29;335;52488253;45;Хайскрин RuExpert
highscreenniz.ruexpert.net;Highscreen RuExpert;6;7;336;52488268;45;Хайскрин RuExpert
highscreennov.ruexpert.net;Highscreen RuExpert;6;9;337;52488301;45;Хайскрин RuExpert
highscreenore.ruexpert.net;Highscreen RuExpert;6;27;338;52488289;45;Хайскрин RuExpert
highscreenpen.ruexpert.net;Highscreen RuExpert;6;20;339;52488277;45;Хайскрин RuExpert
highscreenper.ruexpert.net;Highscreen RuExpert;6;23;340;52488283;45;Хайскрин RuExpert
highscreensam.ruexpert.net;Highscreen RuExpert;6;11;341;52488280;45;Хайскрин RuExpert
highscreensmo.ruexpert.net;Highscreen RuExpert;6;53;342;52488304;45;Хайскрин RuExpert
highscreensoc.ruexpert.net;Highscreen RuExpert;6;43;343;52488298;45;Хайскрин RuExpert
highscreentve.ruexpert.net;Highscreen RuExpert;6;34;344;52488295;45;Хайскрин RuExpert
highscreentol.ruexpert.net;Highscreen RuExpert;6;36;345;52488292;45;Хайскрин RuExpert
highscreentom.ruexpert.net;Highscreen RuExpert;6;18;346;52488286;45;Хайскрин RuExpert
highscreentul.ruexpert.net;Highscreen RuExpert;6;28;347;52488322;45;Хайскрин RuExpert
highscreenuly.ruexpert.net;Highscreen RuExpert;6;26;348;52488319;45;Хайскрин RuExpert
highscreenufa.ruexpert.net;Highscreen RuExpert;6;22;349;52488313;45;Хайскрин RuExpert
highscreenhab.ruexpert.net;Highscreen RuExpert;6;64;350;52488325;45;Хайскрин RuExpert
highscreenche.ruexpert.net;Highscreen RuExpert;6;3;351;52488328;45;Хайскрин RuExpert
hpkaz.ruexpert.net;HP RuExpert;6;10;330;52488307;6;НР РуЭксперт
hpkal.ruexpert.net;HP RuExpert;6;49;92;52488310;6;НР РуЭксперт
hpkem.ruexpert.net;HP RuExpert;6;60;332;52488316;6;НР РуЭксперт
hpkur.ruexpert.net;HP RuExpert;6;32;331;52488331;6;НР РуЭксперт
hplip.ruexpert.net;HP RuExpert;6;21;333;52488334;6;НР РуЭксперт
hpmag.ruexpert.net;HP RuExpert;6;33;334;52488358;6;НР РуЭксперт
hpnab.ruexpert.net;HP RuExpert;6;29;335;52488340;6;НР РуЭксперт
hpniz.ruexpert.net;HP RuExpert;6;7;336;52488352;6;НР РуЭксперт
hpnov.ruexpert.net;HP RuExpert;6;9;337;52488337;6;НР РуЭксперт
hpore.ruexpert.net;HP RuExpert;6;27;338;52488346;6;НР РуЭксперт
hppen.ruexpert.net;HP RuExpert;6;20;339;52488412;6;НР РуЭксперт
hpper.ruexpert.net;HP RuExpert;6;23;340;52488355;6;НР РуЭксперт
hpsam.ruexpert.net;HP RuExpert;6;11;341;52488343;6;НР РуЭксперт
hpsmo.ruexpert.net;HP RuExpert;6;53;342;52488349;6;НР РуЭксперт
hpsoc.ruexpert.net;HP RuExpert;6;43;343;52488361;6;НР РуЭксперт
hptve.ruexpert.net;HP RuExpert;6;34;344;52488379;6;НР РуЭксперт
hptol.ruexpert.net;HP RuExpert;6;36;345;52488364;6;НР РуЭксперт
hptom.ruexpert.net;HP RuExpert;6;18;346;52488373;6;НР РуЭксперт
hptul.ruexpert.net;HP RuExpert;6;28;347;52488382;6;НР РуЭксперт
hpuly.ruexpert.net;HP RuExpert;6;26;348;52488391;6;НР РуЭксперт
hpufa.ruexpert.net;HP RuExpert;6;22;349;52488367;6;НР РуЭксперт
hphab.ruexpert.net;HP RuExpert;6;64;350;52488370;6;НР РуЭксперт
hpche.ruexpert.net;HP RuExpert;6;3;351;52488376;6;НР РуЭксперт
htckaz.ruexpert.net;HTC RuExpert;6;10;330;52488385;10;НТС РуЭксперт
htckal.ruexpert.net;HTC RuExpert;6;49;92;52488388;10;НТС РуЭксперт
htckem.ruexpert.net;HTC RuExpert;6;60;332;52488583;10;НТС РуЭксперт
htckur.ruexpert.net;HTC RuExpert;6;32;331;52488565;10;НТС РуЭксперт
htclip.ruexpert.net;HTC RuExpert;6;21;333;52488568;10;НТС РуЭксперт
htcmag.ruexpert.net;HTC RuExpert;6;33;334;52488571;10;НТС РуЭксперт
htcnab.ruexpert.net;HTC RuExpert;6;29;335;52488577;10;НТС РуЭксперт
htcniz.ruexpert.net;HTC RuExpert;6;7;336;52488586;10;НТС РуЭксперт
htcnov.ruexpert.net;HTC RuExpert;6;9;337;52488559;10;НТС РуЭксперт
htcore.ruexpert.net;HTC RuExpert;6;27;338;52488574;10;НТС РуЭксперт
htcpen.ruexpert.net;HTC RuExpert;6;20;339;52488580;10;НТС РуЭксперт
htcper.ruexpert.net;HTC RuExpert;6;23;340;52488562;10;НТС РуЭксперт
htcsam.ruexpert.net;HTC RuExpert;6;11;341;52488601;10;НТС РуЭксперт
htcsmo.ruexpert.net;HTC RuExpert;6;53;342;52488616;10;НТС РуЭксперт
htcsoc.ruexpert.net;HTC RuExpert;6;43;343;52488592;10;НТС РуЭксперт
htctve.ruexpert.net;HTC RuExpert;6;34;344;52488607;10;НТС РуЭксперт
htctol.ruexpert.net;HTC RuExpert;6;36;345;52488610;10;НТС РуЭксперт
htctom.ruexpert.net;HTC RuExpert;6;18;346;52488589;10;НТС РуЭксперт
htctul.ruexpert.net;HTC RuExpert;6;28;347;52488598;10;НТС РуЭксперт
htculy.ruexpert.net;HTC RuExpert;6;26;348;52488613;10;НТС РуЭксперт
htcufa.ruexpert.net;HTC RuExpert;6;22;349;52488595;10;НТС РуЭксперт
htchab.ruexpert.net;HTC RuExpert;6;64;350;52488604;10;НТС РуЭксперт
htcche.ruexpert.net;HTC RuExpert;6;3;351;52488646;10;НТС РуЭксперт
huaweikaz.ruexpert.net;Huawei RuExpert;6;10;330;52488631;17;Хуавей РуЭксперт
huaweikal.ruexpert.net;Huawei RuExpert;6;49;92;52488637;17;Хуавей РуЭксперт
huaweikem.ruexpert.net;Huawei RuExpert;6;60;332;52488622;17;Хуавей РуЭксперт
huaweikur.ruexpert.net;Huawei RuExpert;6;32;331;52488628;17;Хуавей РуЭксперт
huaweilip.ruexpert.net;Huawei RuExpert;6;21;333;52488643;17;Хуавей РуЭксперт
huaweimag.ruexpert.net;Huawei RuExpert;6;33;334;52488634;17;Хуавей РуЭксперт
huaweinab.ruexpert.net;Huawei RuExpert;6;29;335;52488640;17;Хуавей РуЭксперт
huaweiniz.ruexpert.net;Huawei RuExpert;6;7;336;52488619;17;Хуавей РуЭксперт
huaweinov.ruexpert.net;Huawei RuExpert;6;9;337;52488625;17;Хуавей РуЭксперт
huaweiore.ruexpert.net;Huawei RuExpert;6;27;338;52488661;17;Хуавей РуЭксперт
huaweipen.ruexpert.net;Huawei RuExpert;6;20;339;52488664;17;Хуавей РуЭксперт
huaweiper.ruexpert.net;Huawei RuExpert;6;23;340;52488673;17;Хуавей РуЭксперт
huaweisam.ruexpert.net;Huawei RuExpert;6;11;341;52488679;17;Хуавей РуЭксперт
huaweismo.ruexpert.net;Huawei RuExpert;6;53;342;52488652;17;Хуавей РуЭксперт
huaweisoc.ruexpert.net;Huawei RuExpert;6;43;343;52488658;17;Хуавей РуЭксперт
huaweitve.ruexpert.net;Huawei RuExpert;6;34;344;52488676;17;Хуавей РуЭксперт
huaweitol.ruexpert.net;Huawei RuExpert;6;36;345;52488670;17;Хуавей РуЭксперт
huaweitom.ruexpert.net;Huawei RuExpert;6;18;346;52488667;17;Хуавей РуЭксперт
huaweitul.ruexpert.net;Huawei RuExpert;6;28;347;52488655;17;Хуавей РуЭксперт
huaweiuly.ruexpert.net;Huawei RuExpert;6;26;348;52488685;17;Хуавей РуЭксперт
huaweiufa.ruexpert.net;Huawei RuExpert;6;22;349;52488694;17;Хуавей РуЭксперт
huaweihab.ruexpert.net;Huawei RuExpert;6;64;350;52488709;17;Хуавей РуЭксперт
huaweiche.ruexpert.net;Huawei RuExpert;6;3;351;52488697;17;Хуавей РуЭксперт
irbiskaz.ruexpert.net;Irbis RuExpert;6;10;330;52488703;47;Ирбис РуЭксперт
irbiskal.ruexpert.net;Irbis RuExpert;6;49;92;52488700;47;Ирбис РуЭксперт
irbiskem.ruexpert.net;Irbis RuExpert;6;60;332;52488691;47;Ирбис РуЭксперт
irbiskur.ruexpert.net;Irbis RuExpert;6;32;331;52488682;47;Ирбис РуЭксперт
irbislip.ruexpert.net;Irbis RuExpert;6;21;333;52488688;47;Ирбис РуЭксперт
irbismag.ruexpert.net;Irbis RuExpert;6;33;334;52488706;47;Ирбис РуЭксперт
irbisnab.ruexpert.net;Irbis RuExpert;6;29;335;52488718;47;Ирбис РуЭксперт
irbisniz.ruexpert.net;Irbis RuExpert;6;7;336;52488724;47;Ирбис РуЭксперт
irbisnov.ruexpert.net;Irbis RuExpert;6;9;337;52488733;47;Ирбис РуЭксперт
irbisore.ruexpert.net;Irbis RuExpert;6;27;338;52488715;47;Ирбис РуЭксперт
irbispen.ruexpert.net;Irbis RuExpert;6;20;339;52488712;47;Ирбис РуЭксперт
irbisper.ruexpert.net;Irbis RuExpert;6;23;340;52488739;47;Ирбис РуЭксперт
irbissam.ruexpert.net;Irbis RuExpert;6;11;341;52488730;47;Ирбис РуЭксперт
irbissmo.ruexpert.net;Irbis RuExpert;6;53;342;52488736;47;Ирбис РуЭксперт
irbissoc.ruexpert.net;Irbis RuExpert;6;43;343;52488727;47;Ирбис РуЭксперт
irbistve.ruexpert.net;Irbis RuExpert;6;34;344;52488721;47;Ирбис РуЭксперт
irbistol.ruexpert.net;Irbis RuExpert;6;36;345;52488766;47;Ирбис РуЭксперт
irbistom.ruexpert.net;Irbis RuExpert;6;18;346;52488748;47;Ирбис РуЭксперт
irbistul.ruexpert.net;Irbis RuExpert;6;28;347;52488769;47;Ирбис РуЭксперт
irbisuly.ruexpert.net;Irbis RuExpert;6;26;348;52488745;47;Ирбис РуЭксперт
irbisufa.ruexpert.net;Irbis RuExpert;6;22;349;52488757;47;Ирбис РуЭксперт
irbishab.ruexpert.net;Irbis RuExpert;6;64;350;52488763;47;Ирбис РуЭксперт
irbische.ruexpert.net;Irbis RuExpert;6;3;351;52488760;47;Ирбис РуЭксперт
lenovokaz.ruexpert.net;Lenovo RuExpert;6;10;330;52488754;5;Леново РуЭксперт
lenovokal.ruexpert.net;Lenovo RuExpert;6;49;92;52488751;5;Леново РуЭксперт
lenovokem.ruexpert.net;Lenovo RuExpert;6;60;332;52488742;5;Леново РуЭксперт
lenovokur.ruexpert.net;Lenovo RuExpert;6;32;331;52488787;5;Леново РуЭксперт
lenovolip.ruexpert.net;Lenovo RuExpert;6;21;333;52488775;5;Леново РуЭксперт
lenovomag.ruexpert.net;Lenovo RuExpert;6;33;334;52488799;5;Леново РуЭксперт
lenovonab.ruexpert.net;Lenovo RuExpert;6;29;335;52488784;5;Леново РуЭксперт
lenovoniz.ruexpert.net;Lenovo RuExpert;6;7;336;52488772;5;Леново РуЭксперт
lenovonov.ruexpert.net;Lenovo RuExpert;6;9;337;52488781;5;Леново РуЭксперт
lenovoore.ruexpert.net;Lenovo RuExpert;6;27;338;52488796;5;Леново РуЭксперт
lenovopen.ruexpert.net;Lenovo RuExpert;6;20;339;52488790;5;Леново РуЭксперт
lenovoper.ruexpert.net;Lenovo RuExpert;6;23;340;52488778;5;Леново РуЭксперт
lenovosam.ruexpert.net;Lenovo RuExpert;6;11;341;52488793;5;Леново РуЭксперт
lenovosmo.ruexpert.net;Lenovo RuExpert;6;53;342;52488823;5;Леново РуЭксперт
lenovosoc.ruexpert.net;Lenovo RuExpert;6;43;343;52488814;5;Леново РуЭксперт
lenovotve.ruexpert.net;Lenovo RuExpert;6;34;344;52488802;5;Леново РуЭксперт
lenovotol.ruexpert.net;Lenovo RuExpert;6;36;345;52488826;5;Леново РуЭксперт
lenovotom.ruexpert.net;Lenovo RuExpert;6;18;346;52488805;5;Леново РуЭксперт
lenovotul.ruexpert.net;Lenovo RuExpert;6;28;347;52488817;5;Леново РуЭксперт
lenovouly.ruexpert.net;Lenovo RuExpert;6;26;348;52488829;5;Леново РуЭксперт
lenovoufa.ruexpert.net;Lenovo RuExpert;6;22;349;52488811;5;Леново РуЭксперт
lenovohab.ruexpert.net;Lenovo RuExpert;6;64;350;52488820;5;Леново РуЭксперт
lenovoche.ruexpert.net;Lenovo RuExpert;6;3;351;52488808;5;Леново РуЭксперт
lgkaz.ruexpert.net;LG RuExpert;6;10;330;52488853;12;ЛДжи РуЭксперт
lgkal.ruexpert.net;LG RuExpert;6;49;92;52488838;12;ЛДжи РуЭксперт
lgkem.ruexpert.net;LG RuExpert;6;60;332;52488841;12;ЛДжи РуЭксперт
lgkur.ruexpert.net;LG RuExpert;6;32;331;52488832;12;ЛДжи РуЭксперт
lglip.ruexpert.net;LG RuExpert;6;21;333;52488847;12;ЛДжи РуЭксперт
lgmag.ruexpert.net;LG RuExpert;6;33;334;52488856;12;ЛДжи РуЭксперт
lgnab.ruexpert.net;LG RuExpert;6;29;335;52488859;12;ЛДжи РуЭксперт
lgniz.ruexpert.net;LG RuExpert;6;7;336;52488844;12;ЛДжи РуЭксперт
lgnov.ruexpert.net;LG RuExpert;6;9;337;52488850;12;ЛДжи РуЭксперт
lgore.ruexpert.net;LG RuExpert;6;27;338;52488835;12;ЛДжи РуЭксперт
lgpen.ruexpert.net;LG RuExpert;6;20;339;52488910;12;ЛДжи РуЭксперт
lgper.ruexpert.net;LG RuExpert;6;23;340;52488895;12;ЛДжи РуЭксперт
lgsam.ruexpert.net;LG RuExpert;6;11;341;52488898;12;ЛДжи РуЭксперт
lgsmo.ruexpert.net;LG RuExpert;6;53;342;52488889;12;ЛДжи РуЭксперт
lgsoc.ruexpert.net;LG RuExpert;6;43;343;52488907;12;ЛДжи РуЭксперт
lgtve.ruexpert.net;LG RuExpert;6;34;344;52488904;12;ЛДжи РуЭксперт
lgtol.ruexpert.net;LG RuExpert;6;36;345;52488913;12;ЛДжи РуЭксперт
lgtom.ruexpert.net;LG RuExpert;6;18;346;52488892;12;ЛДжи РуЭксперт
lgtul.ruexpert.net;LG RuExpert;6;28;347;52488901;12;ЛДжи РуЭксперт
lguly.ruexpert.net;LG RuExpert;6;26;348;52488916;12;ЛДжи РуЭксперт
lgufa.ruexpert.net;LG RuExpert;6;22;349;52488943;12;ЛДжи РуЭксперт
lghab.ruexpert.net;LG RuExpert;6;64;350;52488934;12;ЛДжи РуЭксперт
lgche.ruexpert.net;LG RuExpert;6;3;351;52488937;12;ЛДжи РуЭксперт
meizukaz.ruexpert.net;Meizu RuExpert;6;10;330;52488940;20;Мейзу РуЭксперт
meizukal.ruexpert.net;Meizu RuExpert;6;49;92;52488922;20;Мейзу РуЭксперт
meizukem.ruexpert.net;Meizu RuExpert;6;60;332;52488946;20;Мейзу РуЭксперт
meizukur.ruexpert.net;Meizu RuExpert;6;32;331;52488931;20;Мейзу РуЭксперт
meizulip.ruexpert.net;Meizu RuExpert;6;21;333;52488919;20;Мейзу РуЭксперт
meizumag.ruexpert.net;Meizu RuExpert;6;33;334;52488925;20;Мейзу РуЭксперт
meizunab.ruexpert.net;Meizu RuExpert;6;29;335;52488928;20;Мейзу РуЭксперт
meizuniz.ruexpert.net;Meizu RuExpert;6;7;336;52488961;20;Мейзу РуЭксперт
meizunov.ruexpert.net;Meizu RuExpert;6;9;337;52488955;20;Мейзу РуЭксперт
meizuore.ruexpert.net;Meizu RuExpert;6;27;338;52488964;20;Мейзу РуЭксперт
meizupen.ruexpert.net;Meizu RuExpert;6;20;339;52488967;20;Мейзу РуЭксперт
meizuper.ruexpert.net;Meizu RuExpert;6;23;340;52488976;20;Мейзу РуЭксперт
meizusam.ruexpert.net;Meizu RuExpert;6;11;341;52488952;20;Мейзу РуЭксперт
meizusmo.ruexpert.net;Meizu RuExpert;6;53;342;52488949;20;Мейзу РуЭксперт
meizusoc.ruexpert.net;Meizu RuExpert;6;43;343;52488970;20;Мейзу РуЭксперт
meizutve.ruexpert.net;Meizu RuExpert;6;34;344;52488973;20;Мейзу РуЭксперт
meizutol.ruexpert.net;Meizu RuExpert;6;36;345;52488958;20;Мейзу РуЭксперт
meizutom.ruexpert.net;Meizu RuExpert;6;18;346;52489006;20;Мейзу РуЭксперт
meizutul.ruexpert.net;Meizu RuExpert;6;28;347;52488985;20;Мейзу РуЭксперт
meizuuly.ruexpert.net;Meizu RuExpert;6;26;348;52488994;20;Мейзу РуЭксперт
meizuufa.ruexpert.net;Meizu RuExpert;6;22;349;52488979;20;Мейзу РуЭксперт
meizuhab.ruexpert.net;Meizu RuExpert;6;64;350;52489000;20;Мейзу РуЭксперт
meizuche.ruexpert.net;Meizu RuExpert;6;3;351;52488991;20;Мейзу РуЭксперт
motorolakaz.ruexpert.net;Motorola RuExpert;6;10;330;52489003;53;Моторола РуЭксперт
motorolakal.ruexpert.net;Motorola RuExpert;6;49;92;52488997;53;Моторола РуЭксперт
motorolakem.ruexpert.net;Motorola RuExpert;6;60;332;52488988;53;Моторола РуЭксперт
motorolakur.ruexpert.net;Motorola RuExpert;6;32;331;52488982;53;Моторола РуЭксперт
motorolalip.ruexpert.net;Motorola RuExpert;6;21;333;52489033;53;Моторола РуЭксперт
motorolamag.ruexpert.net;Motorola RuExpert;6;33;334;52489036;53;Моторола РуЭксперт
motorolanab.ruexpert.net;Motorola RuExpert;6;29;335;52489030;53;Моторола РуЭксперт
motorolaniz.ruexpert.net;Motorola RuExpert;6;7;336;52489024;53;Моторола РуЭксперт
motorolanov.ruexpert.net;Motorola RuExpert;6;9;337;52489021;53;Моторола РуЭксперт
motorolaore.ruexpert.net;Motorola RuExpert;6;27;338;52489027;53;Моторола РуЭксперт
motorolapen.ruexpert.net;Motorola RuExpert;6;20;339;52489009;53;Моторола РуЭксперт
motorolaper.ruexpert.net;Motorola RuExpert;6;23;340;52489018;53;Моторола РуЭксперт
motorolasam.ruexpert.net;Motorola RuExpert;6;11;341;52489012;53;Моторола РуЭксперт
motorolasmo.ruexpert.net;Motorola RuExpert;6;53;342;52489015;53;Моторола РуЭксперт
motorolasoc.ruexpert.net;Motorola RuExpert;6;43;343;52489039;53;Моторола РуЭксперт
motorolatve.ruexpert.net;Motorola RuExpert;6;34;344;52489045;53;Моторола РуЭксперт
motorolatol.ruexpert.net;Motorola RuExpert;6;36;345;52489048;53;Моторола РуЭксперт
motorolatom.ruexpert.net;Motorola RuExpert;6;18;346;52489060;53;Моторола РуЭксперт
motorolatul.ruexpert.net;Motorola RuExpert;6;28;347;52489051;53;Моторола РуЭксперт
motorolauly.ruexpert.net;Motorola RuExpert;6;26;348;52489054;53;Моторола РуЭксперт
motorolaufa.ruexpert.net;Motorola RuExpert;6;22;349;52489066;53;Моторола РуЭксперт
motorolahab.ruexpert.net;Motorola RuExpert;6;64;350;52489057;53;Моторола РуЭксперт
motorolache.ruexpert.net;Motorola RuExpert;6;3;351;52489042;53;Моторола РуЭксперт
msikaz.ruexpert.net;MSI RuExpert;6;10;330;52489063;8;МСИ РуЭксперт
msikal.ruexpert.net;MSI RuExpert;6;49;92;52489081;8;МСИ РуЭксперт
msikem.ruexpert.net;MSI RuExpert;6;60;332;52489090;8;МСИ РуЭксперт
msikur.ruexpert.net;MSI RuExpert;6;32;331;52489093;8;МСИ РуЭксперт
msilip.ruexpert.net;MSI RuExpert;6;21;333;52489075;8;МСИ РуЭксперт
msimag.ruexpert.net;MSI RuExpert;6;33;334;52489096;8;МСИ РуЭксперт
msinab.ruexpert.net;MSI RuExpert;6;29;335;52489069;8;МСИ РуЭксперт
msiniz.ruexpert.net;MSI RuExpert;6;7;336;52489078;8;МСИ РуЭксперт
msinov.ruexpert.net;MSI RuExpert;6;9;337;52489072;8;МСИ РуЭксперт
msiore.ruexpert.net;MSI RuExpert;6;27;338;52489084;8;МСИ РуЭксперт
msipen.ruexpert.net;MSI RuExpert;6;20;339;52489087;8;МСИ РуЭксперт
msiper.ruexpert.net;MSI RuExpert;6;23;340;52489117;8;МСИ РуЭксперт
msisam.ruexpert.net;MSI RuExpert;6;11;341;52489111;8;МСИ РуЭксперт
msismo.ruexpert.net;MSI RuExpert;6;53;342;52489108;8;МСИ РуЭксперт
msisoc.ruexpert.net;MSI RuExpert;6;43;343;52489099;8;МСИ РуЭксперт
msitve.ruexpert.net;MSI RuExpert;6;34;344;52489105;8;МСИ РуЭксперт
msitol.ruexpert.net;MSI RuExpert;6;36;345;52489114;8;МСИ РуЭксперт
msitom.ruexpert.net;MSI RuExpert;6;18;346;52489120;8;МСИ РуЭксперт
msitul.ruexpert.net;MSI RuExpert;6;28;347;52489102;8;МСИ РуЭксперт
msiuly.ruexpert.net;MSI RuExpert;6;26;348;52489123;8;МСИ РуЭксперт
msiufa.ruexpert.net;MSI RuExpert;6;22;349;52489126;8;МСИ РуЭксперт
msihab.ruexpert.net;MSI RuExpert;6;64;350;52489150;8;МСИ РуЭксперт
msiche.ruexpert.net;MSI RuExpert;6;3;351;52489144;8;МСИ РуЭксперт
nokiakaz.ruexpert.net;Nokia RuExpert;6;10;330;52489141;11;Нокиа РуЭксперт
nokiakal.ruexpert.net;Nokia RuExpert;6;49;92;52489147;11;Нокиа РуЭксперт
nokiakem.ruexpert.net;Nokia RuExpert;6;60;332;52489132;11;Нокиа РуЭксперт
nokiakur.ruexpert.net;Nokia RuExpert;6;32;331;52489138;11;Нокиа РуЭксперт
nokialip.ruexpert.net;Nokia RuExpert;6;21;333;52489129;11;Нокиа РуЭксперт
nokiamag.ruexpert.net;Nokia RuExpert;6;33;334;52489135;11;Нокиа РуЭксперт
nokianab.ruexpert.net;Nokia RuExpert;6;29;335;52489153;11;Нокиа РуЭксперт
nokianiz.ruexpert.net;Nokia RuExpert;6;7;336;52489156;11;Нокиа РуЭксперт
nokianov.ruexpert.net;Nokia RuExpert;6;9;337;52489180;11;Нокиа РуЭксперт
nokiaore.ruexpert.net;Nokia RuExpert;6;27;338;52489174;11;Нокиа РуЭксперт
nokiapen.ruexpert.net;Nokia RuExpert;6;20;339;52489165;11;Нокиа РуЭксперт
nokiaper.ruexpert.net;Nokia RuExpert;6;23;340;52489168;11;Нокиа РуЭксперт
nokiasam.ruexpert.net;Nokia RuExpert;6;11;341;52489183;11;Нокиа РуЭксперт
nokiasmo.ruexpert.net;Nokia RuExpert;6;53;342;52489171;11;Нокиа РуЭксперт
nokiasoc.ruexpert.net;Nokia RuExpert;6;43;343;52489186;11;Нокиа РуЭксперт
nokiatve.ruexpert.net;Nokia RuExpert;6;34;344;52489177;11;Нокиа РуЭксперт
nokiatol.ruexpert.net;Nokia RuExpert;6;36;345;52489159;11;Нокиа РуЭксперт
nokiatom.ruexpert.net;Nokia RuExpert;6;18;346;52489162;11;Нокиа РуЭксперт
nokiatul.ruexpert.net;Nokia RuExpert;6;28;347;52490320;11;Нокиа РуЭксперт
nokiauly.ruexpert.net;Nokia RuExpert;6;26;348;52490305;11;Нокиа РуЭксперт
nokiaufa.ruexpert.net;Nokia RuExpert;6;22;349;52490317;11;Нокиа РуЭксперт
nokiahab.ruexpert.net;Nokia RuExpert;6;64;350;52490311;11;Нокиа РуЭксперт
nokiache.ruexpert.net;Nokia RuExpert;6;3;351;52490326;11;Нокиа РуЭксперт
oysterskaz.ruexpert.net;Oysters RuExpert;6;10;330;52490308;56;Оустерс РуЭксперт
oysterskal.ruexpert.net;Oysters RuExpert;6;49;92;52490329;56;Оустерс РуЭксперт
oysterskem.ruexpert.net;Oysters RuExpert;6;60;332;52490323;56;Оустерс РуЭксперт
oysterskur.ruexpert.net;Oysters RuExpert;6;32;331;52490332;56;Оустерс РуЭксперт
oysterslip.ruexpert.net;Oysters RuExpert;6;21;333;52490314;56;Оустерс РуЭксперт
oystersmag.ruexpert.net;Oysters RuExpert;6;33;334;52490350;56;Оустерс РуЭксперт
oystersnab.ruexpert.net;Oysters RuExpert;6;29;335;52490356;56;Оустерс РуЭксперт
oystersniz.ruexpert.net;Oysters RuExpert;6;7;336;52490353;56;Оустерс РуЭксперт
oystersnov.ruexpert.net;Oysters RuExpert;6;9;337;52490344;56;Оустерс РуЭксперт
oystersore.ruexpert.net;Oysters RuExpert;6;27;338;52490347;56;Оустерс РуЭксперт
oysterspen.ruexpert.net;Oysters RuExpert;6;20;339;52490359;56;Оустерс РуЭксперт
oystersper.ruexpert.net;Oysters RuExpert;6;23;340;52490362;56;Оустерс РуЭксперт
oysterssam.ruexpert.net;Oysters RuExpert;6;11;341;52490338;56;Оустерс РуЭксперт
oysterssmo.ruexpert.net;Oysters RuExpert;6;53;342;52490341;56;Оустерс РуЭксперт
oysterssoc.ruexpert.net;Oysters RuExpert;6;43;343;52490335;56;Оустерс РуЭксперт
oysterstve.ruexpert.net;Oysters RuExpert;6;34;344;52490368;56;Оустерс РуЭксперт
oysterstol.ruexpert.net;Oysters RuExpert;6;36;345;52490383;56;Оустерс РуЭксперт
oysterstom.ruexpert.net;Oysters RuExpert;6;18;346;52490389;56;Оустерс РуЭксперт
oysterstul.ruexpert.net;Oysters RuExpert;6;28;347;52490386;56;Оустерс РуЭксперт
oystersuly.ruexpert.net;Oysters RuExpert;6;26;348;52490392;56;Оустерс РуЭксперт
oystersufa.ruexpert.net;Oysters RuExpert;6;22;349;52490365;56;Оустерс РуЭксперт
oystershab.ruexpert.net;Oysters RuExpert;6;64;350;52490374;56;Оустерс РуЭксперт
oystersche.ruexpert.net;Oysters RuExpert;6;3;351;52490380;56;Оустерс РуЭксперт
prestigiokaz.ruexpert.net;Prestigio RuExpert;6;10;330;52490371;58;Престижио РуЭксперт
prestigiokal.ruexpert.net;Prestigio RuExpert;6;49;92;52490377;58;Престижио РуЭксперт
prestigiokem.ruexpert.net;Prestigio RuExpert;6;60;332;52490422;58;Престижио РуЭксперт
prestigiokur.ruexpert.net;Prestigio RuExpert;6;32;331;52490410;58;Престижио РуЭксперт
prestigiolip.ruexpert.net;Prestigio RuExpert;6;21;333;52490398;58;Престижио РуЭксперт
prestigiomag.ruexpert.net;Prestigio RuExpert;6;33;334;52490407;58;Престижио РуЭксперт
prestigionab.ruexpert.net;Prestigio RuExpert;6;29;335;52490416;58;Престижио РуЭксперт
prestigioniz.ruexpert.net;Prestigio RuExpert;6;7;336;52490395;58;Престижио РуЭксперт
prestigionov.ruexpert.net;Prestigio RuExpert;6;9;337;52490419;58;Престижио РуЭксперт
prestigioore.ruexpert.net;Prestigio RuExpert;6;27;338;52490401;58;Престижио РуЭксперт
prestigiopen.ruexpert.net;Prestigio RuExpert;6;20;339;52490413;58;Престижио РуЭксперт
prestigioper.ruexpert.net;Prestigio RuExpert;6;23;340;52490404;58;Престижио РуЭксперт
prestigiosam.ruexpert.net;Prestigio RuExpert;6;11;341;52490428;58;Престижио РуЭксперт
prestigiosmo.ruexpert.net;Prestigio RuExpert;6;53;342;52490452;58;Престижио РуЭксперт
prestigiosoc.ruexpert.net;Prestigio RuExpert;6;43;343;52490449;58;Престижио РуЭксперт
prestigiotve.ruexpert.net;Prestigio RuExpert;6;34;344;52490443;58;Престижио РуЭксперт
prestigiotol.ruexpert.net;Prestigio RuExpert;6;36;345;52490437;58;Престижио РуЭксперт
prestigiotom.ruexpert.net;Prestigio RuExpert;6;18;346;52490446;58;Престижио РуЭксперт
prestigiotul.ruexpert.net;Prestigio RuExpert;6;28;347;52490440;58;Престижио РуЭксперт
prestigiouly.ruexpert.net;Prestigio RuExpert;6;26;348;52490434;58;Престижио РуЭксперт
prestigioufa.ruexpert.net;Prestigio RuExpert;6;22;349;52490425;58;Престижио РуЭксперт
prestigiohab.ruexpert.net;Prestigio RuExpert;6;64;350;52490431;58;Престижио РуЭксперт
prestigioche.ruexpert.net;Prestigio RuExpert;6;3;351;52490470;58;Престижио РуЭксперт
ritmixkaz.ruexpert.net;Ritmix RuExpert;6;10;330;52490455;60;Ритмикс РуЭксперт
ritmixkal.ruexpert.net;Ritmix RuExpert;6;49;92;52490464;60;Ритмикс РуЭксперт
ritmixkem.ruexpert.net;Ritmix RuExpert;6;60;332;52490611;60;Ритмикс РуЭксперт
ritmixkur.ruexpert.net;Ritmix RuExpert;6;32;331;52490458;60;Ритмикс РуЭксперт
ritmixlip.ruexpert.net;Ritmix RuExpert;6;21;333;52490473;60;Ритмикс РуЭксперт
ritmixmag.ruexpert.net;Ritmix RuExpert;6;33;334;52490467;60;Ритмикс РуЭксперт
ritmixnab.ruexpert.net;Ritmix RuExpert;6;29;335;52490479;60;Ритмикс РуЭксперт
ritmixniz.ruexpert.net;Ritmix RuExpert;6;7;336;52490461;60;Ритмикс РуЭксперт
ritmixnov.ruexpert.net;Ritmix RuExpert;6;9;337;52490476;60;Ритмикс РуЭксперт
ritmixore.ruexpert.net;Ritmix RuExpert;6;27;338;52490491;60;Ритмикс РуЭксперт
ritmixpen.ruexpert.net;Ritmix RuExpert;6;20;339;52490509;60;Ритмикс РуЭксперт
ritmixper.ruexpert.net;Ritmix RuExpert;6;23;340;52490494;60;Ритмикс РуЭксперт
ritmixsam.ruexpert.net;Ritmix RuExpert;6;11;341;52490500;60;Ритмикс РуЭксперт
ritmixsmo.ruexpert.net;Ritmix RuExpert;6;53;342;52490506;60;Ритмикс РуЭксперт
ritmixsoc.ruexpert.net;Ritmix RuExpert;6;43;343;52490485;60;Ритмикс РуЭксперт
ritmixtve.ruexpert.net;Ritmix RuExpert;6;34;344;52490482;60;Ритмикс РуЭксперт
ritmixtol.ruexpert.net;Ritmix RuExpert;6;36;345;52490488;60;Ритмикс РуЭксперт
ritmixtom.ruexpert.net;Ritmix RuExpert;6;18;346;52490497;60;Ритмикс РуЭксперт
ritmixtul.ruexpert.net;Ritmix RuExpert;6;28;347;52490503;60;Ритмикс РуЭксперт
ritmixuly.ruexpert.net;Ritmix RuExpert;6;26;348;52490515;60;Ритмикс РуЭксперт
ritmixufa.ruexpert.net;Ritmix RuExpert;6;22;349;52490512;60;Ритмикс РуЭксперт
ritmixhab.ruexpert.net;Ritmix RuExpert;6;64;350;52490539;60;Ритмикс РуЭксперт
ritmixche.ruexpert.net;Ritmix RuExpert;6;3;351;52490533;60;Ритмикс РуЭксперт
samsungkaz.ruexpert.net;Samsung RuExpert;6;10;330;52490521;2;Самсунг РуЭксперт
samsungkal.ruexpert.net;Samsung RuExpert;6;49;92;52490527;2;Самсунг РуЭксперт
samsungkem.ruexpert.net;Samsung RuExpert;6;60;332;52490536;2;Самсунг РуЭксперт
samsungkur.ruexpert.net;Samsung RuExpert;6;32;331;52490518;2;Самсунг РуЭксперт
samsunglip.ruexpert.net;Samsung RuExpert;6;21;333;52490530;2;Самсунг РуЭксперт
samsungmag.ruexpert.net;Samsung RuExpert;6;33;334;52490524;2;Самсунг РуЭксперт
samsungnab.ruexpert.net;Samsung RuExpert;6;29;335;52490551;2;Самсунг РуЭксперт
samsungniz.ruexpert.net;Samsung RuExpert;6;7;336;52490563;2;Самсунг РуЭксперт
samsungnov.ruexpert.net;Samsung RuExpert;6;9;337;52490569;2;Самсунг РуЭксперт
samsungore.ruexpert.net;Samsung RuExpert;6;27;338;52490557;2;Самсунг РуЭксперт
samsungpen.ruexpert.net;Samsung RuExpert;6;20;339;52490554;2;Самсунг РуЭксперт
samsungper.ruexpert.net;Samsung RuExpert;6;23;340;52490548;2;Самсунг РуЭксперт
samsungsam.ruexpert.net;Samsung RuExpert;6;11;341;52490560;2;Самсунг РуЭксперт
samsungsmo.ruexpert.net;Samsung RuExpert;6;53;342;52490545;2;Самсунг РуЭксперт
samsungsoc.ruexpert.net;Samsung RuExpert;6;43;343;52490566;2;Самсунг РуЭксперт
samsungtve.ruexpert.net;Samsung RuExpert;6;34;344;52490542;2;Самсунг РуЭксперт
samsungtol.ruexpert.net;Samsung RuExpert;6;36;345;52490599;2;Самсунг РуЭксперт
samsungtom.ruexpert.net;Samsung RuExpert;6;18;346;52490590;2;Самсунг РуЭксперт
samsungtul.ruexpert.net;Samsung RuExpert;6;28;347;52490578;2;Самсунг РуЭксперт
samsunguly.ruexpert.net;Samsung RuExpert;6;26;348;52490587;2;Самсунг РуЭксперт
samsungufa.ruexpert.net;Samsung RuExpert;6;22;349;52490575;2;Самсунг РуЭксперт
samsunghab.ruexpert.net;Samsung RuExpert;6;64;350;52490572;2;Самсунг РуЭксперт
samsungche.ruexpert.net;Samsung RuExpert;6;3;351;52490581;2;Самсунг РуЭксперт
sonykaz.ruexpert.net;Sony RuExpert;6;10;330;52490584;1;Сони РуЭксперт
sonykal.ruexpert.net;Sony RuExpert;6;49;92;52490596;1;Сони РуЭксперт
sonykem.ruexpert.net;Sony RuExpert;6;60;332;52490593;1;Сони РуЭксперт
sonykur.ruexpert.net;Sony RuExpert;6;32;331;52490659;1;Сони РуЭксперт
sonylip.ruexpert.net;Sony RuExpert;6;21;333;52490656;1;Сони РуЭксперт
sonymag.ruexpert.net;Sony RuExpert;6;33;334;52490653;1;Сони РуЭксперт
sonynab.ruexpert.net;Sony RuExpert;6;29;335;52490647;1;Сони РуЭксперт
sonyniz.ruexpert.net;Sony RuExpert;6;7;336;52490641;1;Сони РуЭксперт
sonynov.ruexpert.net;Sony RuExpert;6;9;337;52490662;1;Сони РуЭксперт
sonyore.ruexpert.net;Sony RuExpert;6;27;338;52490665;1;Сони РуЭксперт
sonypen.ruexpert.net;Sony RuExpert;6;20;339;52490644;1;Сони РуЭксперт
sonyper.ruexpert.net;Sony RuExpert;6;23;340;52490650;1;Сони РуЭксперт
sonysam.ruexpert.net;Sony RuExpert;6;11;341;52490638;1;Сони РуЭксперт
sonysmo.ruexpert.net;Sony RuExpert;6;53;342;52490686;1;Сони РуЭксперт
sonysoc.ruexpert.net;Sony RuExpert;6;43;343;52490680;1;Сони РуЭксперт
sonytve.ruexpert.net;Sony RuExpert;6;34;344;52490677;1;Сони РуЭксперт
sonytol.ruexpert.net;Sony RuExpert;6;36;345;52490674;1;Сони РуЭксперт
sonytom.ruexpert.net;Sony RuExpert;6;18;346;52490671;1;Сони РуЭксперт
sonytul.ruexpert.net;Sony RuExpert;6;28;347;52490695;1;Сони РуЭксперт
sonyuly.ruexpert.net;Sony RuExpert;6;26;348;52490668;1;Сони РуЭксперт
sonyufa.ruexpert.net;Sony RuExpert;6;22;349;52490689;1;Сони РуЭксперт
sonyhab.ruexpert.net;Sony RuExpert;6;64;350;52490692;1;Сони РуЭксперт
sonyche.ruexpert.net;Sony RuExpert;6;3;351;52490683;1;Сони РуЭксперт
texetkaz.ruexpert.net;teXet RuExpert;6;10;330;52490719;61;Тексет РуЭксперт
texetkal.ruexpert.net;teXet RuExpert;6;49;92;52490722;61;Тексет РуЭксперт
texetkem.ruexpert.net;teXet RuExpert;6;60;332;52490707;61;Тексет РуЭксперт
texetkur.ruexpert.net;teXet RuExpert;6;32;331;52490710;61;Тексет РуЭксперт
texetlip.ruexpert.net;teXet RuExpert;6;21;333;52490725;61;Тексет РуЭксперт
texetmag.ruexpert.net;teXet RuExpert;6;33;334;52490704;61;Тексет РуЭксперт
texetnab.ruexpert.net;teXet RuExpert;6;29;335;52490698;61;Тексет РуЭксперт
texetniz.ruexpert.net;teXet RuExpert;6;7;336;52490701;61;Тексет РуЭксперт
texetnov.ruexpert.net;teXet RuExpert;6;9;337;52490716;61;Тексет РуЭксперт
texetore.ruexpert.net;teXet RuExpert;6;27;338;52490713;61;Тексет РуЭксперт
texetpen.ruexpert.net;teXet RuExpert;6;20;339;52490755;61;Тексет РуЭксперт
texetper.ruexpert.net;teXet RuExpert;6;23;340;52490743;61;Тексет РуЭксперт
texetsam.ruexpert.net;teXet RuExpert;6;11;341;52490746;61;Тексет РуЭксперт
texetsmo.ruexpert.net;teXet RuExpert;6;53;342;52490731;61;Тексет РуЭксперт
texetsoc.ruexpert.net;teXet RuExpert;6;43;343;52490734;61;Тексет РуЭксперт
texettve.ruexpert.net;teXet RuExpert;6;34;344;52490752;61;Тексет РуЭксперт
texettol.ruexpert.net;teXet RuExpert;6;36;345;52490728;61;Тексет РуЭксперт
texettom.ruexpert.net;teXet RuExpert;6;18;346;52490737;61;Тексет РуЭксперт
texettul.ruexpert.net;teXet RuExpert;6;28;347;52490749;61;Тексет РуЭксперт
texetuly.ruexpert.net;teXet RuExpert;6;26;348;52490740;61;Тексет РуЭксперт
texetufa.ruexpert.net;teXet RuExpert;6;22;349;52490779;61;Тексет РуЭксперт
texethab.ruexpert.net;teXet RuExpert;6;64;350;52490764;61;Тексет РуЭксперт
texetche.ruexpert.net;teXet RuExpert;6;3;351;52490758;61;Тексет РуЭксперт
toshibakaz.ruexpert.net;Toshiba RuExpert;6;10;330;52490785;7;Тошиба РуЭксперт
toshibakal.ruexpert.net;Toshiba RuExpert;6;49;92;52490773;7;Тошиба РуЭксперт
toshibakem.ruexpert.net;Toshiba RuExpert;6;60;332;52490770;7;Тошиба РуЭксперт
toshibakur.ruexpert.net;Toshiba RuExpert;6;32;331;52490761;7;Тошиба РуЭксперт
toshibalip.ruexpert.net;Toshiba RuExpert;6;21;333;52490782;7;Тошиба РуЭксперт
toshibamag.ruexpert.net;Toshiba RuExpert;6;33;334;52490767;7;Тошиба РуЭксперт
toshibanab.ruexpert.net;Toshiba RuExpert;6;29;335;52490776;7;Тошиба РуЭксперт
toshibaniz.ruexpert.net;Toshiba RuExpert;6;7;336;52490788;7;Тошиба РуЭксперт
toshibanov.ruexpert.net;Toshiba RuExpert;6;9;337;52490797;7;Тошиба РуЭксперт
toshibaore.ruexpert.net;Toshiba RuExpert;6;27;338;52490800;7;Тошиба РуЭксперт
toshibapen.ruexpert.net;Toshiba RuExpert;6;20;339;52490794;7;Тошиба РуЭксперт
toshibaper.ruexpert.net;Toshiba RuExpert;6;23;340;52490815;7;Тошиба РуЭксперт
toshibasam.ruexpert.net;Toshiba RuExpert;6;11;341;52490791;7;Тошиба РуЭксперт
toshibasmo.ruexpert.net;Toshiba RuExpert;6;53;342;52490806;7;Тошиба РуЭксперт
toshibasoc.ruexpert.net;Toshiba RuExpert;6;43;343;52490812;7;Тошиба РуЭксперт
toshibatve.ruexpert.net;Toshiba RuExpert;6;34;344;52490803;7;Тошиба РуЭксперт
toshibatol.ruexpert.net;Toshiba RuExpert;6;36;345;52490809;7;Тошиба РуЭксперт
toshibatom.ruexpert.net;Toshiba RuExpert;6;18;346;52490818;7;Тошиба РуЭксперт
toshibatul.ruexpert.net;Toshiba RuExpert;6;28;347;52490830;7;Тошиба РуЭксперт
toshibauly.ruexpert.net;Toshiba RuExpert;6;26;348;52490842;7;Тошиба РуЭксперт
toshibaufa.ruexpert.net;Toshiba RuExpert;6;22;349;52490836;7;Тошиба РуЭксперт
toshibahab.ruexpert.net;Toshiba RuExpert;6;64;350;52490824;7;Тошиба РуЭксперт
toshibache.ruexpert.net;Toshiba RuExpert;6;3;351;52490833;7;Тошиба РуЭксперт
viewsonickaz.ruexpert.net;Viewsonic RuExpert;6;10;330;52490821;63;Вьюсоник РуЭксперт
viewsonickal.ruexpert.net;Viewsonic RuExpert;6;49;92;52490839;63;Вьюсоник РуЭксперт
viewsonickem.ruexpert.net;Viewsonic RuExpert;6;60;332;52490845;63;Вьюсоник РуЭксперт
viewsonickur.ruexpert.net;Viewsonic RuExpert;6;32;331;52490827;63;Вьюсоник РуЭксперт
viewsoniclip.ruexpert.net;Viewsonic RuExpert;6;21;333;52490854;63;Вьюсоник РуЭксперт
viewsonicmag.ruexpert.net;Viewsonic RuExpert;6;33;334;52490857;63;Вьюсоник РуЭксперт
viewsonicnab.ruexpert.net;Viewsonic RuExpert;6;29;335;52490872;63;Вьюсоник РуЭксперт
viewsonicniz.ruexpert.net;Viewsonic RuExpert;6;7;336;52490848;63;Вьюсоник РуЭксперт
viewsonicnov.ruexpert.net;Viewsonic RuExpert;6;9;337;52490863;63;Вьюсоник РуЭксперт
viewsonicore.ruexpert.net;Viewsonic RuExpert;6;27;338;52490860;63;Вьюсоник РуЭксперт
viewsonicpen.ruexpert.net;Viewsonic RuExpert;6;20;339;52490866;63;Вьюсоник РуЭксперт
viewsonicper.ruexpert.net;Viewsonic RuExpert;6;23;340;52490851;63;Вьюсоник РуЭксперт
viewsonicsam.ruexpert.net;Viewsonic RuExpert;6;11;341;52490869;63;Вьюсоник РуЭксперт
viewsonicsmo.ruexpert.net;Viewsonic RuExpert;6;53;342;52490875;63;Вьюсоник РуЭксперт
viewsonicsoc.ruexpert.net;Viewsonic RuExpert;6;43;343;52490899;63;Вьюсоник РуЭксперт
viewsonictve.ruexpert.net;Viewsonic RuExpert;6;34;344;52490881;63;Вьюсоник РуЭксперт
viewsonictol.ruexpert.net;Viewsonic RuExpert;6;36;345;52490902;63;Вьюсоник РуЭксперт
viewsonictom.ruexpert.net;Viewsonic RuExpert;6;18;346;52490905;63;Вьюсоник РуЭксперт
viewsonictul.ruexpert.net;Viewsonic RuExpert;6;28;347;52490893;63;Вьюсоник РуЭксперт
viewsoniculy.ruexpert.net;Viewsonic RuExpert;6;26;348;52490884;63;Вьюсоник РуЭксперт
viewsonicufa.ruexpert.net;Viewsonic RuExpert;6;22;349;52490890;63;Вьюсоник РуЭксперт
viewsonichab.ruexpert.net;Viewsonic RuExpert;6;64;350;52490896;63;Вьюсоник РуЭксперт
viewsonicche.ruexpert.net;Viewsonic RuExpert;6;3;351;52490878;63;Вьюсоник РуЭксперт
wexlerkaz.ruexpert.net;WEXLER RuExpert;6;10;330;52490887;64;Векслер РуЭксперт
wexlerkal.ruexpert.net;WEXLER RuExpert;6;49;92;52490938;64;Векслер РуЭксперт
wexlerkem.ruexpert.net;WEXLER RuExpert;6;60;332;52490935;64;Векслер РуЭксперт
wexlerkur.ruexpert.net;WEXLER RuExpert;6;32;331;52490929;64;Векслер РуЭксперт
wexlerlip.ruexpert.net;WEXLER RuExpert;6;21;333;52490920;64;Векслер РуЭксперт
wexlermag.ruexpert.net;WEXLER RuExpert;6;33;334;52490926;64;Векслер РуЭксперт
wexlernab.ruexpert.net;WEXLER RuExpert;6;29;335;52490932;64;Векслер РуЭксперт
wexlerniz.ruexpert.net;WEXLER RuExpert;6;7;336;52490917;64;Векслер РуЭксперт
wexlernov.ruexpert.net;WEXLER RuExpert;6;9;337;52490923;64;Векслер РуЭксперт
wexlerore.ruexpert.net;WEXLER RuExpert;6;27;338;52490914;64;Векслер РуЭксперт
wexlerpen.ruexpert.net;WEXLER RuExpert;6;20;339;52490911;64;Векслер РуЭксперт
wexlerper.ruexpert.net;WEXLER RuExpert;6;23;340;52490989;64;Векслер РуЭксперт
wexlersam.ruexpert.net;WEXLER RuExpert;6;11;341;52490971;64;Векслер РуЭксперт
wexlersmo.ruexpert.net;WEXLER RuExpert;6;53;342;52490995;64;Векслер РуЭксперт
wexlersoc.ruexpert.net;WEXLER RuExpert;6;43;343;52490986;64;Векслер РуЭксперт
wexlertve.ruexpert.net;WEXLER RuExpert;6;34;344;52490998;64;Векслер РуЭксперт
wexlertol.ruexpert.net;WEXLER RuExpert;6;36;345;52490983;64;Векслер РуЭксперт
wexlertom.ruexpert.net;WEXLER RuExpert;6;18;346;52490992;64;Векслер РуЭксперт
wexlertul.ruexpert.net;WEXLER RuExpert;6;28;347;52490977;64;Векслер РуЭксперт
wexleruly.ruexpert.net;WEXLER RuExpert;6;26;348;52490980;64;Векслер РуЭксперт
wexlerufa.ruexpert.net;WEXLER RuExpert;6;22;349;52490974;64;Векслер РуЭксперт
wexlerhab.ruexpert.net;WEXLER RuExpert;6;64;350;52491001;64;Векслер РуЭксперт
wexlerche.ruexpert.net;WEXLER RuExpert;6;3;351;52491025;64;Векслер РуЭксперт
xiaomikaz.ruexpert.net;Xiaomi RuExpert;6;10;330;52491004;18;Ксиаоми РуЭксперт
xiaomikal.ruexpert.net;Xiaomi RuExpert;6;49;92;52491013;18;Ксиаоми РуЭксперт
xiaomikem.ruexpert.net;Xiaomi RuExpert;6;60;332;52491028;18;Ксиаоми РуЭксперт
xiaomikur.ruexpert.net;Xiaomi RuExpert;6;32;331;52491019;18;Ксиаоми РуЭксперт
xiaomilip.ruexpert.net;Xiaomi RuExpert;6;21;333;52491016;18;Ксиаоми РуЭксперт
xiaomimag.ruexpert.net;Xiaomi RuExpert;6;33;334;52491010;18;Ксиаоми РуЭксперт
xiaominab.ruexpert.net;Xiaomi RuExpert;6;29;335;52491007;18;Ксиаоми РуЭксперт
xiaominiz.ruexpert.net;Xiaomi RuExpert;6;7;336;52491022;18;Ксиаоми РуЭксперт
xiaominov.ruexpert.net;Xiaomi RuExpert;6;9;337;52491034;18;Ксиаоми РуЭксперт
xiaomiore.ruexpert.net;Xiaomi RuExpert;6;27;338;52491040;18;Ксиаоми РуЭксперт
xiaomipen.ruexpert.net;Xiaomi RuExpert;6;20;339;52491052;18;Ксиаоми РуЭксперт
xiaomiper.ruexpert.net;Xiaomi RuExpert;6;23;340;52491043;18;Ксиаоми РуЭксперт
xiaomisam.ruexpert.net;Xiaomi RuExpert;6;11;341;52491049;18;Ксиаоми РуЭксперт
xiaomismo.ruexpert.net;Xiaomi RuExpert;6;53;342;52491046;18;Ксиаоми РуЭксперт
xiaomisoc.ruexpert.net;Xiaomi RuExpert;6;43;343;52491055;18;Ксиаоми РуЭксперт
xiaomitve.ruexpert.net;Xiaomi RuExpert;6;34;344;52491058;18;Ксиаоми РуЭксперт
xiaomitol.ruexpert.net;Xiaomi RuExpert;6;36;345;52491037;18;Ксиаоми РуЭксперт
xiaomitom.ruexpert.net;Xiaomi RuExpert;6;18;346;52491031;18;Ксиаоми РуЭксперт
xiaomitul.ruexpert.net;Xiaomi RuExpert;6;28;347;52491085;18;Ксиаоми РуЭксперт
xiaomiuly.ruexpert.net;Xiaomi RuExpert;6;26;348;52491079;18;Ксиаоми РуЭксперт
xiaomiufa.ruexpert.net;Xiaomi RuExpert;6;22;349;52491073;18;Ксиаоми РуЭксперт
xiaomihab.ruexpert.net;Xiaomi RuExpert;6;64;350;52491088;18;Ксиаоми РуЭксперт
xiaomiche.ruexpert.net;Xiaomi RuExpert;6;3;351;52491082;18;Ксиаоми РуЭксперт
ztekaz.ruexpert.net;ZTE RuExpert;6;10;330;52491064;66;ЗТЕ РуЭксперт
ztekal.ruexpert.net;ZTE RuExpert;6;49;92;52491070;66;ЗТЕ РуЭксперт
ztekem.ruexpert.net;ZTE RuExpert;6;60;332;52491076;66;ЗТЕ РуЭксперт
ztekur.ruexpert.net;ZTE RuExpert;6;32;331;52491061;66;ЗТЕ РуЭксперт
ztelip.ruexpert.net;ZTE RuExpert;6;21;333;52491067;66;ЗТЕ РуЭксперт
ztemag.ruexpert.net;ZTE RuExpert;6;33;334;52491109;66;ЗТЕ РуЭксперт
ztenab.ruexpert.net;ZTE RuExpert;6;29;335;52491097;66;ЗТЕ РуЭксперт
zteniz.ruexpert.net;ZTE RuExpert;6;7;336;52491094;66;ЗТЕ РуЭксперт
ztenov.ruexpert.net;ZTE RuExpert;6;9;337;52491112;66;ЗТЕ РуЭксперт
zteore.ruexpert.net;ZTE RuExpert;6;27;338;52491115;66;ЗТЕ РуЭксперт
ztepen.ruexpert.net;ZTE RuExpert;6;20;339;52491106;66;ЗТЕ РуЭксперт
zteper.ruexpert.net;ZTE RuExpert;6;23;340;52491091;66;ЗТЕ РуЭксперт
ztesam.ruexpert.net;ZTE RuExpert;6;11;341;52491103;66;ЗТЕ РуЭксперт
ztesmo.ruexpert.net;ZTE RuExpert;6;53;342;52491100;66;ЗТЕ РуЭксперт
ztesoc.ruexpert.net;ZTE RuExpert;6;43;343;52491118;66;ЗТЕ РуЭксперт
ztetve.ruexpert.net;ZTE RuExpert;6;34;344;52491121;66;ЗТЕ РуЭксперт
ztetol.ruexpert.net;ZTE RuExpert;6;36;345;52491136;66;ЗТЕ РуЭксперт
ztetom.ruexpert.net;ZTE RuExpert;6;18;346;52491127;66;ЗТЕ РуЭксперт
ztetul.ruexpert.net;ZTE RuExpert;6;28;347;52491139;66;ЗТЕ РуЭксперт
zteuly.ruexpert.net;ZTE RuExpert;6;26;348;52491133;66;ЗТЕ РуЭксперт
zteufa.ruexpert.net;ZTE RuExpert;6;22;349;52491142;66;ЗТЕ РуЭксперт
ztehab.ruexpert.net;ZTE RuExpert;6;64;350;52491130;66;ЗТЕ РуЭксперт
zteche.ruexpert.net;ZTE RuExpert;6;3;351;52491124;66;ЗТЕ РуЭксперт