aspire 5750;acer;ноутбук
extensa 2510;acer;ноутбук
aspire 5710g;acer;ноутбук
aspire 1800;acer;ноутбук
aspire 5930g;acer;ноутбук
aspire 5720;acer;ноутбук
aspire 1710;acer;ноутбук
aspire 5530;acer;ноутбук
aspire 5536;acer;ноутбук
aspire 5552g;acer;ноутбук
aspire v3-372;acer;ноутбук
aspire 4720z;acer;ноутбук
aspire 4830tg;acer;ноутбук
aspire 5739g;acer;ноутбук
aspire 7540g;acer;ноутбук
aspire 5553g;acer;ноутбук
aspire 5741;acer;ноутбук
aspire 5735z;acer;ноутбук
extensa 5220;acer;ноутбук
iconia a1-810;acer;планшет
iconia a100;acer;планшет
iconia a3-a10;acer;планшет
iconia tab 8;acer;планшет
iconia a1-830;acer;планшет
iconia tab 8 a1-840fhd;acer;планшет
iconia b1-711;acer;планшет
iconia a1-811;acer;планшет
iconia a510;acer;планшет
iconia a110;acer;планшет
iconia a210;acer;планшет
iconia a200;acer;планшет
iconia b1-a71;acer;планшет
iconia w700;acer;планшет
iconia a511;acer;планшет
Liquid Z530;acer;смартфон
Liquid Zest Plus;acer;смартфон
Liquid Z520;acer;смартфон
Liquid Zest 4G;acer;смартфон
Liquid E700;acer;смартфон
Liquid Zest;acer;смартфон
Liquid;acer;смартфон
pixi 4;alcatel;смартфон
pixi 3;alcatel;смартфон
2010d;alcatel;смартфон
idol;alcatel;смартфон
idol 3;alcatel;смартфон
idol 4;alcatel;смартфон
pop;alcatel;смартфон
imac 27;apple;моноблок
imac 24;apple;моноблок
imac 21;apple;моноблок
macbook pro 13;apple;ноутбук
macbook air 11;apple;ноутбук
macbook pro 2012;apple;ноутбук
macbook pro 15;apple;ноутбук
macbook retina;apple;ноутбук
macbook pro retina;apple;ноутбук
macbook 13;apple;ноутбук
macbook pro retina 15;apple;ноутбук
macbook 1;apple;ноутбук
apple macbook pro;apple;ноутбук
macbook retina 15;apple;ноутбук
macbook air 13;apple;ноутбук
экрана macbook;apple;ноутбук
macbook pro 17;apple;ноутбук
ipad mini 2;apple;планшет
ipad mini 4;apple;планшет
ipad air 2;apple;планшет
ipad 3;apple;планшет
ipad 4;apple;планшет
ipad air;apple;планшет
ipad pro;apple;планшет
ipad 2;apple;планшет
ipad retina;apple;планшет
ipad mini;apple;планшет
ipad 1;apple;планшет
iphone 6;apple;смартфон
iphone 5;apple;смартфон
iphone x;apple;смартфон
iphone 5s;apple;смартфон
iphone 4;apple;смартфон
iphone 6s;apple;смартфон
iphone 8;apple;смартфон
iphone 7;apple;смартфон
iphone 4s;apple;смартфон
iphone se;apple;смартфон
iphone 5 s;apple;смартфон
watch 4;apple;часы
watch 3;apple;часы
watch 2;apple;часы
watch 1;apple;часы
et2013iuki;asus;моноблок
zen aio zn270ie;asus;моноблок
zen aio zn241ic;asus;моноблок
et2322inth;asus;моноблок
vivo aio v221id;asus;моноблок
et2701inki;asus;моноблок
zen aio zn242if;asus;моноблок
zen aio pro z240ie;asus;моноблок
zen aio zn240ic;asus;моноблок
zen aio pro z240ic;asus;моноблок
zen aio zn220ic;asus;моноблок
vivo aio v230ic;asus;моноблок
et2321inth;asus;моноблок
vivo aio v241ic;asus;моноблок
a4110;asus;моноблок
et2040iuk;asus;моноблок
et2300inti;asus;моноблок
zen aio pro z220ic;asus;моноблок
et2311inth;asus;моноблок
f3;asus;ноутбук
k53s;asus;ноутбук
k50;asus;ноутбук
f6;asus;ноутбук
f9;asus;ноутбук
f553m;asus;ноутбук
k52;asus;ноутбук
f5;asus;ноутбук
eee pc 1015b;asus;ноутбук
f8;asus;ноутбук
f3k;asus;ноутбук
k52n;asus;ноутбук
k56cb;asus;ноутбук
g60;asus;ноутбук
k55;asus;ноутбук
f50;asus;ноутбук
k95vj;asus;ноутбук
k53;asus;ноутбук
k750j;asus;ноутбук
memo pad 10;asus;планшет
nexus 7;asus;планшет
memo pad 7 me572c;asus;планшет
transformer pad tf201;asus;планшет
memo pad 7;asus;планшет
zenpad 10 z300cg;asus;планшет
transformer pad tf300tg;asus;планшет
vivotab note 8;asus;планшет
memo pad 8 me581cl;asus;планшет
fonepad 7 fe375cxg;asus;планшет
zenpad 10 z300cnl;asus;планшет
transformer book t100ta;asus;планшет
fonepad 7;asus;планшет
vivotab smart me400c;asus;планшет
memo pad 8;asus;планшет
fonepad 8;asus;планшет
fonepad 7 fe170cg;asus;планшет
vivotab smart;asus;планшет
memo pad 7 me173x;asus;планшет
ZenFone Max;asus;смартфон
ZenFone 2 ZE550ML;asus;смартфон
Zenfone Selfie;asus;смартфон
Zenfone 3 Max ZC520TL;asus;смартфон
Zenfone 2 Laser ZE550KL;asus;смартфон
Zenfone 4;asus;смартфон
ZenFone 4 Max ZC520KL;asus;смартфон
ZenFone Zoom;asus;смартфон
ZenFone 2;asus;смартфон
ZenFone 2 ZE500KL;asus;смартфон
ZenFone 3;asus;смартфон
Padfone S;asus;смартфон
Zenfone 5;asus;смартфон
ZenFone Live;asus;смартфон
Zenfone 4 Max ZC554KL;asus;смартфон
Zenfone 3 ZE520KL;asus;смартфон
ZenFone Max ZC550KL;asus;смартфон
ZenFone Go;asus;смартфон
Zenfone 4 Max;asus;смартфон
ir2022;canon;принтер
pixma ip4600;canon;принтер
pixma ip1000;canon;принтер
pixma ip7240;canon;принтер
pixma ip2700;canon;принтер
ir 2016;canon;принтер
lbp-810;canon;принтер
laserbase mf3110;canon;принтер
pixma ip2600;canon;принтер
pixma mg2440;canon;принтер
pixma ip1500;canon;принтер
pixma mg3540;canon;принтер
pixma mp220;canon;принтер
pixma mp500;canon;принтер
lbp-1120;canon;принтер
pixma mg3640;canon;принтер
pixma mp540;canon;принтер
pixma ip1600;canon;принтер
pixma g3400;canon;принтер
pixma ip2000;canon;принтер
powershot sx50 hs;canon;фото
powershot a3300 is;canon;фото
eos 80d body;canon;фото
eos 6d mark ii body;canon;фото
eos 200d kit;canon;фото
eos 650d body;canon;фото
digital ixus;canon;фото
powershot s100;canon;фото
eos 650d kit;canon;фото
eos 5d mark iv body;canon;фото
eos 5d mark iii body;canon;фото
ixus 185;canon;фото
powershot g9;canon;фото
powershot sx620 hs;canon;фото
eos 1300d kit;canon;фото
eos 6d body;canon;фото
eos 77d kit;canon;фото
eos 600d kit;canon;фото
powershot g7;canon;фото
eos 750d kit;canon;фото
precision 5720;dell;моноблок
inspiron 20-3052;dell;моноблок
optiplex 7440;dell;моноблок
inspiron 22-3263;dell;моноблок
optiplex 9010;dell;моноблок
inspiron 22-3264;dell;моноблок
xps 27 2720;dell;моноблок
inspiron 24-5459;dell;моноблок
inspiron 20-3043;dell;моноблок
inspiron 24-5475;dell;моноблок
optiplex 9030;dell;моноблок
inspiron 23-5348;dell;моноблок
optiplex 3050;dell;моноблок
xps 27 7760;dell;моноблок
inspiron 2350;dell;моноблок
optiplex 7450;dell;моноблок
inspiron 2330;dell;моноблок
inspiron 24-3464;dell;моноблок
inspiron 1501;dell;ноутбук
inspiron 15 5567;dell;ноутбук
vostro a860;dell;ноутбук
inspiron xps;dell;ноутбук
inspiron 600m;dell;ноутбук
latitude d400;dell;ноутбук
inspiron 1520;dell;ноутбук
inspiron 1318;dell;ноутбук
inspiron 1521;dell;ноутбук
inspiron m5040;dell;ноутбук
vostro 3550;dell;ноутбук
inspiron 5558;dell;ноутбук
inspiron 5555;dell;ноутбук
inspiron 3520;dell;ноутбук
latitude d610;dell;ноутбук
inspiron 3521;dell;ноутбук
inspiron 15r n5110;dell;ноутбук
vostro 1000;dell;ноутбук
xps m1330 m1330;dell;ноутбук
Streak 5;dell;планшет
Venue 11 Pro;dell;планшет
XPS 10;dell;планшет
Venue 7 ;dell;планшет
Venue 8 Pro;dell;планшет
fly fs526;fly;смартфон
fly tornado one;fly;смартфон
fly iq4516 octa;fly;смартфон
fly 238;fly;смартфон
fly fs504;fly;смартфон
fly fs507;fly;смартфон
fly 446;fly;смартфон
proone 600 g2;hp;моноблок
24-e052ur;hp;моноблок
20-c000ur;hp;моноблок
proone 400 g3;hp;моноблок
proone 440 g3;hp;моноблок
envy 27-b101ur;hp;моноблок
pavilion 27-r022ur;hp;моноблок
eliteone 1000 g1;hp;моноблок
24-e055ur;hp;моноблок
24-e053ur;hp;моноблок
proone 600 g3;hp;моноблок
proone 600 g1;hp;моноблок
eliteone 800 g2;hp;моноблок
envy 27-b100ur;hp;моноблок
envy 34-b000ur;hp;моноблок
20-c028ur;hp;моноблок
20-c038ur;hp;моноблок
proone 400 g1;hp;моноблок
eliteone 800 g1;hp;моноблок
8510p;hp;ноутбук
pavilion dv3500;hp;ноутбук
255 g4;hp;ноутбук
nc2400;hp;ноутбук
elite x2 1012 m5;hp;ноутбук
pavilion g6-1000;hp;ноутбук
elitebook 8540w;hp;ноутбук
probook 450 g3;hp;ноутбук
6730s;hp;ноутбук
slate 10 hd;hp;ноутбук
envy dv6-7200;hp;ноутбук
probook 4525s;hp;ноутбук
250 g4;hp;ноутбук
pavilion dv9500;hp;ноутбук
250 g3;hp;ноутбук
probook 4535s;hp;ноутбук
pavilion dv6-3000;hp;ноутбук
8710p;hp;ноутбук
elitebook 850 g3;hp;ноутбук
probook 4520s;hp;ноутбук
deskjet f4283;hp;принтер
photosmart 5510;hp;принтер
deskjet 3070a;hp;принтер
deskjet f380;hp;принтер
laserjet 1020;hp;принтер
laserjet p1005;hp;принтер
psc 1315;hp;принтер
laserjet m1522nf;hp;принтер
laserjet pro 400 mfp m425dn;hp;принтер
laserjet 1018;hp;принтер
laserjet 1010;hp;принтер
deskjet 2050;hp;принтер
officejet 7000;hp;принтер
laserjet 1200;hp;принтер
psc 1513;hp;принтер
officejet 4500 all-in-one;hp;принтер
laserjet pro 400 m401dn;hp;принтер
laserjet pro m1132 mfp;hp;принтер
laserjet m1005;hp;принтер
deskjet 2130;hp;принтер
One M9;htc;смартфон
Desire 626;htc;смартфон
Desire 620G;htc;смартфон
One Dual Sim;htc;смартфон
One X;htc;смартфон
One mini 2;htc;смартфон
One V;htc;смартфон
One S;htc;смартфон
Desire 628;htc;смартфон
One M7;htc;смартфон
Desire 600;htc;смартфон
Desire X;htc;смартфон
Desire 310;htc;смартфон
Desire 816;htc;смартфон
Desire 500;htc;смартфон
Desire 526G;htc;смартфон
One mini;htc;смартфон
One M8;htc;смартфон
Wildfire;htc;смартфон
Desire 526G Dual Sim;htc;смартфон
matebook x;huawei;ноутбук
matebook x pro;huawei;ноутбук
matebook 12;huawei;ноутбук
mediapad t2 7.0;huawei;планшет
mediapad t1 10.0;huawei;планшет
mediapad x1 7.0;huawei;планшет
mediapad 7 lite;huawei;планшет
mediapad 10 link;huawei;планшет
mediapad m2 7.0;huawei;планшет
mediapad m2 10.0;huawei;планшет
mediapad t1 8.0 pro;huawei;планшет
mediapad 7 youth 2;huawei;планшет
mediapad t2 7.0 pro;huawei;планшет
mediapad t1 7.0;huawei;планшет
mediapad m2 8.0;huawei;планшет
mediapad 7 vogue;huawei;планшет
mediapad m1 8.0;huawei;планшет
mediapad t2 10.0 pro;huawei;планшет
mediapad m3 8.4;huawei;планшет
mediapad t1 8.0;huawei;планшет
Honor 8 Lite;huawei;смартфон
P8 Lite;huawei;смартфон
Honor 6;huawei;смартфон
P10 Lite;huawei;смартфон
P10;huawei;смартфон
Nova 2i;huawei;смартфон
GR3;huawei;смартфон
Honor 4C Pro;huawei;смартфон
P9 Lite;huawei;смартфон
P8;huawei;смартфон
Honor 8;huawei;смартфон
Honor 4c;huawei;смартфон
Y3 2017;huawei;смартфон
P9;huawei;смартфон
Y6;huawei;смартфон
Nova;huawei;смартфон
Honor 6C;huawei;смартфон
Nova 2;huawei;смартфон
Y5;huawei;смартфон
Honor Pro;huawei;смартфон
thinkcentre m900z;lenovo;моноблок
ideacentre aio v510z;lenovo;моноблок
ideacentre aio 310;lenovo;моноблок
s500z;lenovo;моноблок
ideacentre aio 520-24;lenovo;моноблок
s50 30;lenovo;моноблок
ideacentre aio 520-27;lenovo;моноблок
ideacentre aio 720;lenovo;моноблок
c20 05;lenovo;моноблок
c50 30;lenovo;моноблок
ideacentre aio 520-22;lenovo;моноблок
s20 00;lenovo;моноблок
c20 00;lenovo;моноблок
thinkcentre x1;lenovo;моноблок
ideacentre y910-27;lenovo;моноблок
s200z;lenovo;моноблок
c40 30;lenovo;моноблок
s40 40;lenovo;моноблок
ideacentre b320;lenovo;моноблок
thinkpad 11e;lenovo;ноутбук
thinkpad x1;lenovo;ноутбук
thinkpad x200;lenovo;ноутбук
v570;lenovo;ноутбук
v310;lenovo;ноутбук
thinkpad t460s;lenovo;ноутбук
thinkpad t431s;lenovo;ноутбук
thinkpad 13;lenovo;ноутбук
yoga 2 13;lenovo;ноутбук
thinkpad edge 14;lenovo;ноутбук
thinkpad sl400;lenovo;ноутбук
thinkpad x1 carbon;lenovo;ноутбук
thinkpad t520;lenovo;ноутбук
thinkpad 11e chromebook;lenovo;ноутбук
z50 75;lenovo;ноутбук
v580c;lenovo;ноутбук
thinkpad x240;lenovo;ноутбук
thinkpad t440;lenovo;ноутбук
z50;lenovo;ноутбук
thinkpad t540p;lenovo;ноутбук
tab 2 a10;lenovo;планшет
tab 4 tb;lenovo;планшет
tab 4 plus;lenovo;планшет
tab 3;lenovo;планшет
tab 7;lenovo;планшет
tab 4;lenovo;планшет
tab a10;lenovo;планшет
tab 8;lenovo;планшет
A5000;lenovo;смартфон
S820;lenovo;смартфон
P70;lenovo;смартфон
S660;lenovo;смартфон
P2;lenovo;смартфон
P780;lenovo;смартфон
A536;lenovo;смартфон
A2010;lenovo;смартфон
A6010;lenovo;смартфон
A859;lenovo;смартфон
A319;lenovo;смартфон
A328;lenovo;смартфон
K3 Note;lenovo;смартфон
Vibe X2;lenovo;смартфон
S860;lenovo;смартфон
S60;lenovo;смартфон
K3;lenovo;смартфон
Vibe Shot;lenovo;смартфон
43lj500v;lg;телевизор
65uj634v;lg;телевизор
43uh603v;lg;телевизор
24lh451u;lg;телевизор
43lj515v;lg;телевизор
43uj630v;lg;телевизор
49uj630v;lg;телевизор
43uj670v;lg;телевизор
49lj515v;lg;телевизор
49uj634v;lg;телевизор
oled55b7v;lg;телевизор
49sj810v;lg;телевизор
43lj510v;lg;телевизор
43uj639v;lg;телевизор
49uh656v;lg;телевизор
32lj600u;lg;телевизор
49uj675v;lg;телевизор
32lj500v;lg;телевизор
32lj510u;lg;телевизор
43lv300c;lg;телевизор
55uj634v;lg;телевизор
43uj634v;lg;телевизор
43lj595v;lg;телевизор
49uj639v;lg;телевизор
49uj670v;lg;телевизор
optimus 3d p920;lg;смартфон
k7 x210ds;lg;смартфон
magna h502;lg;смартфон
optimus g;lg;смартфон
nexus 5x h791;lg;смартфон
l65 d285;lg;смартфон
g pro 2 d838;lg;смартфон
g4c h522y;lg;смартфон
ls50;lg;смартфон
optimus sol e730;lg;смартфон
class h650e;lg;смартфон
l90 d410;lg;смартфон
l70 d325;lg;смартфон
g flex 2;lg;смартфон
leon h324;lg;смартфон
optimus link p698;lg;смартфон
k8 k350e;lg;смартфон
g flex d958;lg;смартфон
optimus l7 p705;lg;смартфон
x view;lg;смартфон
m3s;meizu;смартфон
m3 mini;meizu;смартфон
u20;meizu;смартфон
m3 note;meizu;смартфон
mx4;meizu;смартфон
pro 6;meizu;смартфон
pro 5;meizu;смартфон
ep52;meizu;смартфон
m2 mini;meizu;смартфон
m5;meizu;смартфон
mx6;meizu;смартфон
mx3;meizu;смартфон
m2;meizu;смартфон
m2 note;meizu;смартфон
m6;meizu;смартфон
m3;meizu;смартфон
pro;meizu;смартфон
m3s mini;meizu;смартфон
m5 note;meizu;смартфон
m5;meizu;смартфон
pro 7;meizu;смартфон
one x;microsoft;xbox
one s;microsoft;xbox
360;microsoft;xbox
gaming 24ge;msi;моноблок
ae222;msi;моноблок
pro 20et;msi;моноблок
adora24;msi;моноблок
ae220;msi;моноблок
pro 20t;msi;моноблок
ag270;msi;моноблок
ap200;msi;моноблок
ag240;msi;моноблок
pro 24;msi;моноблок
pro 16;msi;моноблок
gaming 27;msi;моноблок
pro 16 flex;msi;моноблок
pro 22e;msi;моноблок
ap190;msi;моноблок
pro 20e;msi;моноблок
pro 24t;msi;моноблок
ag2712a;msi;моноблок
pro 20;msi;моноблок
gaming 24;msi;моноблок
px60 6qe;msi;ноутбук
s20 slider 2;msi;ноутбук
gl72 6qc;msi;ноутбук
pe60 2qd;msi;ноутбук
ge62 2qc apache;msi;ноутбук
pe60 6qd;msi;ноутбук
gp72 2qe leopard pro;msi;ноутбук
px60 6qd;msi;ноутбук
pe60 2qe;msi;ноутбук
pe70 2qe;msi;ноутбук
pe60 6qe;msi;ноутбук
pe70 6qd;msi;ноутбук
pe70 6qe;msi;ноутбук
pe70 2qd;msi;ноутбук
px60 2qd;msi;ноутбук
s20;msi;ноутбук
windpad 120w;msi;планшет
primo 81l;msi;планшет
primo 81;msi;планшет
windpad 100w;msi;планшет
windpad 110w;msi;планшет
primo 73;msi;планшет
primo 77;msi;планшет
primo 73k;msi;планшет
primo 93;msi;планшет
primo 91;msi;планшет
primo 75;msi;планшет
primo 76;msi;планшет
primo 73l;msi;планшет
primo 90;msi;планшет
coolpix s3600;nikon;фото
coolpix s2900;nikon;фото
coolpix s3300;nikon;фото
coolpix s01;nikon;фото
coolpix s3700;nikon;фото
coolpix p330;nikon;фото
coolpix b500;nikon;фото
coolpix s2800;nikon;фото
coolpix l4;nikon;фото
coolpix p600;nikon;фото
coolpix l31;nikon;фото
coolpix p530;nikon;фото
coolpix l830;nikon;фото
coolpix s7000;nikon;фото
coolpix a10;nikon;фото
coolpix p100;nikon;фото
coolpix l840;nikon;фото
coolpix s2600;nikon;фото
lumia 520t;nokia;смартфон
lumia 532;nokia;смартфон
lumia 430;nokia;смартфон
lumia 635;nokia;смартфон
lumia 640 xl;nokia;смартфон
lumia 435;nokia;смартфон
lumia 650;nokia;смартфон
lumia 216;nokia;смартфон
lumia 610;nokia;смартфон
lumia 900;nokia;смартфон
lumia 620;nokia;смартфон
x;nokia;смартфон
lumia 530;nokia;смартфон
lumia 510;nokia;смартфон
lumia 525;nokia;смартфон
lumia 535;nokia;смартфон
lumia 1320;nokia;смартфон
lumia 505;nokia;смартфон
ativ book 7 740u3e;samsung;ноутбук
ativ book 9 plus 940x3g;samsung;ноутбук
ativ book 450r4e;samsung;ноутбук
ativ book 270e5e;samsung;ноутбук
ativ book 5 530u4e;samsung;ноутбук
ativ book 4 450r5e;samsung;ноутбук
ativ book 2270e5e;samsung;ноутбук
ativ book 7 730u3e;samsung;ноутбук
ativ book 6 670z5e;samsung;ноутбук
ativ book 8 880z5e;samsung;ноутбук
ativ book 8 np 870z5e;samsung;ноутбук
galaxy tab 2;samsung;планшет
galaxy tab 4;samsung;планшет
galaxy tab s 8.4;samsung;планшет
galaxy tab s 10.5;samsung;планшет
galaxy tab 3;samsung;планшет
galaxy tab 1;samsung;планшет
galaxy tab 7.7;samsung;планшет
ue22h5610;samsung;телевизор
ue49mu6100u;samsung;телевизор
ue43m5550au;samsung;телевизор
ue55mu7000u;samsung;телевизор
ue32j5205ak;samsung;телевизор
qe55q7fam;samsung;телевизор
ue49m5550au;samsung;телевизор
ue43mu6100u;samsung;телевизор
ue22h5600;samsung;телевизор
ue32m5550au;samsung;телевизор
ue49mu7000u;samsung;телевизор
ue40m5000au;samsung;телевизор
t32e310ex;samsung;телевизор
ue40mu6400u;samsung;телевизор
ue55mu6300u;samsung;телевизор
ue55mu6100u;samsung;телевизор
ue32m5000ak;samsung;телевизор
ue40mu6470u;samsung;телевизор
ue32j4710ak;samsung;телевизор
ue49mu6300u;samsung;телевизор
ue40mu6100u;samsung;телевизор
Galaxy S7;samsung;смартфон
Galaxy S6 Edge;samsung;смартфон
Galaxy J1;samsung;смартфон
Galaxy J3;samsung;смартфон
Galaxy Note 8;samsung;смартфон
Galaxy J7;samsung;смартфон
Galaxy A3 2016;samsung;смартфон
Galaxy S8;samsung;смартфон
Galaxy S8 Plus;samsung;смартфон
Galaxy A5;samsung;смартфон
Galaxy A5 2016;samsung;смартфон
Galaxy A3;samsung;смартфон
Galaxy A7;samsung;смартфон
Galaxy Grand Prime;samsung;смартфон
Galaxy A5 2017;samsung;смартфон
Galaxy J5;samsung;смартфон
Galaxy Note 4;samsung;смартфон
Galaxy S7 Edge;samsung;смартфон
Galaxy S6;samsung;смартфон
gear s3 frontier;samsung;часы
gear s4;samsung;часы
gear s3 classic;samsung;часы
gear fit 2;samsung;часы
gear fit pro;samsung;часы
gear 2 pro;samsung;часы
gear s2;samsung;часы
gear fit 2 pro;samsung;часы
gear s3;samsung;часы
playstation 2;sony;playstation
playstation 3;sony;playstation
playstation 3 slim;sony;playstation
playstation 4 pro;sony;playstation
playstation one;sony;playstation
playstation 4;sony;playstation
vaio fit e svf1521f1r;sony;ноутбук
vaio vgn-g;sony;ноутбук
vaio vpceh;sony;ноутбук
vaio vpcea1s1r;sony;ноутбук
vaio vgn-s4hrp;sony;ноутбук
vaio sve;sony;ноутбук
vaio vpcef3e1r;sony;ноутбук
vaio vpcsb1v9r;sony;ноутбук
vaio vgn-sr11mr;sony;ноутбук
vaio vgn-ns21sr;sony;ноутбук
vaio vgn-p21zr;sony;ноутбук
vaio vgn-ux1xrn;sony;ноутбук
xperia tablet z2;sony;планшет
xperia z4 tablet;sony;планшет
xperia tablet z2;sony;планшет
xperia tablet z;sony;планшет
xperia tablet compact;sony;планшет
xperia tablet z;sony;планшет
xperia tablet z3 compact;sony;планшет
xperia z3 tablet compact;sony;планшет
kd-49xe8096;sony;телевизор
kdl-40rd453;sony;телевизор
kd-55xe9005;sony;телевизор
kdl-48wd653;sony;телевизор
kd-55xe8577;sony;телевизор
kdl-24w605a;sony;телевизор
kdl-32re303;sony;телевизор
kd-49xe7096;sony;телевизор
kdl-32wd603;sony;телевизор
kdl-40we663;sony;телевизор
kdl-40re353;sony;телевизор
kd-55xe9305;sony;телевизор
kd-55xe7096;sony;телевизор
kdl-43we755;sony;телевизор
kdl-32wd756;sony;телевизор
kdl-40wd653;sony;телевизор
kd-43xe7096;sony;телевизор
kd-55xe8096;sony;телевизор
kdl-49we755;sony;телевизор
xperia m4 aqua;sony;смартфон
xperia z5 dual;sony;смартфон
xperia z2;sony;смартфон
xperia e5;sony;смартфон
xperia z;sony;смартфон
xperia z5 compact;sony;смартфон
xperia xz;sony;смартфон
xperia z5;sony;смартфон
xperia z3;sony;смартфон
xperia z1;sony;смартфон
xperia m4;sony;смартфон
xperia z3 compact;sony;смартфон
xperia zl;sony;смартфон
xperia z1 compact;sony;смартфон
cyber-shot dsc-w270;sony;фото
alpha ilce-6300 kit;sony;фото
cyber-shot dsc-wx300;sony;фото
cyber-shot dsc-wx220;sony;фото
cyber-shot dsc-w300;sony;фото
cyber-shot dsc-hx50;sony;фото
cyber-shot dsc-hx300;sony;фото
alpha ilce-6000 kit;sony;фото
cyber-shot dsc-hx350;sony;фото
cyber-shot dsc-rx10;sony;фото
cyber-shot dsc-w830;sony;фото
alpha a7 kit;sony;фото
alpha a7 body;sony;фото
alpha ilce-5100 kit;sony;фото
cyber-shot dsc-w710;sony;фото
cyber-shot dsc-w5;sony;фото
cyber-shot dsc-hx1;sony;фото
cyber-shot dsc-rx100m3;sony;фото
cyber-shot dsc-h7;sony;фото
cyber-shot dsc-w810;sony;фото
cyber-shot dsc-rx100;sony;фото
satellite c660-28k;toshiba;ноутбук
satellite l855-d1m;toshiba;ноутбук
satellite c660-168;toshiba;ноутбук
satellite c870-dqk;toshiba;ноутбук
satellite l40-14b;toshiba;ноутбук
satellite l500-1un;toshiba;ноутбук
satellite a660-158;toshiba;ноутбук
satellite c660-1fl;toshiba;ноутбук
satellite c870-dmk;toshiba;ноутбук
satellite l350-107;toshiba;ноутбук
qosmio x70-a-k2s;toshiba;ноутбук
satellite l50d-a-k1k;toshiba;ноутбук
satellite c850-e3w;toshiba;ноутбук
satellite l650d-120;toshiba;ноутбук
satellite l850-b5k;toshiba;ноутбук
satellite a300-15d;toshiba;ноутбук
satellite p300-135;toshiba;ноутбук
satellite a300-15e;toshiba;ноутбук
satellite c660-15k;toshiba;ноутбук
satellite c870-b3w;toshiba;ноутбук
Encore;toshiba;планшет
Excite Write;toshiba;планшет
WT310-108;toshiba;планшет
Satellite Click mini;toshiba;планшет
mi notebook air 13.3;xiaomi;ноутбук
mi notebook pro;xiaomi;ноутбук
mi gaming laptop;xiaomi;ноутбук
mi notebook air 12.5;xiaomi;ноутбук
mipad 3;xiaomi;планшет
mipad;xiaomi;планшет
mipad 2;xiaomi;планшет
mijia m365;xiaomi;самокат
redmi note;xiaomi;смартфон
mi max 2;xiaomi;смартфон
redmi 3;xiaomi;смартфон
mi 2;xiaomi;смартфон
mi max;xiaomi;смартфон
redmi note 4x;xiaomi;смартфон
redmi note 3;xiaomi;смартфон
redmi 5;xiaomi;смартфон
redmi 4x;xiaomi;смартфон
4x;xiaomi;смартфон
mi5;xiaomi;смартфон
redmi 4;xiaomi;смартфон
redmi pro;xiaomi;смартфон
redmi note 3 pro;xiaomi;смартфон
redmi note 4;xiaomi;смартфон
blade v9;zte;смартфон
blade a6;zte;смартфон
nubia n1;zte;смартфон
nubia z9 mini;zte;смартфон
blade v7;zte;смартфон
blade a610;zte;смартфон
blade a510;zte;смартфон
blade v8;zte;смартфон
blade x3;zte;смартфон
blade lux;zte;смартфон
blade a5;zte;смартфон
nubia mini s;zte;смартфон
nubia z11 max;zte;смартфон
blade l5;zte;смартфон
nubia m2 lite;zte;смартфон
nubia z11;zte;смартфон
blade pro;zte;смартфон
blade 3;zte;смартфон
nubia z11 mini;zte;смартфон
