astr.сanon-recentre.ru;CANON REMONT CENTRE;5;38;78007076513;;;287;51625673;23;;;;
astr.lg-recentre.ru;LG REMONT CENTRE;5;38;78007076513;;;287;51625682;12;;;;
astr.nikon-recentre.ru;NIKON REMONT CENTRE;5;38;78007076513;;;287;51625691;22;;;;
astr.nokia-recentre.ru;NOKIA REMONT CENTRE;5;38;78007076513;;;287;51625688;11;;;;
astr.zte-recentre.ru;ZTE REMONT CENTRE;5;38;78007076513;;;287;51625685;66;;;;
balash.canon-recentre.ru;CANON REMONT CENTRE;5;68;78007076513;;;288;51625715;23;;;;
balash.lg-recentre.ru;LG REMONT CENTRE;5;68;78007076513;;;288;51625706;12;;;;
balash.nikon-recentre.ru;NIKON REMONT CENTRE;5;68;78007076513;;;288;51625712;22;;;;
balash.nokia-recentre.ru;NOKIA REMONT CENTRE;5;68;78007076513;;;288;51625718;11;;;;
balash.zte-recentre.ru;ZTE REMONT CENTRE;5;68;78007076513;;;288;51625709;66;;;;
brn.сanon-recentre.ru;CANON REMONT CENTRE;5;25;73852590070;;;266;51625730;23;;;;
brn.lg-recentre.ru;LG REMONT CENTRE;5;25;73852590070;;;266;51625733;12;;;;
brn.nikon-recentre.ru;NIKON REMONT CENTRE;5;25;73852590070;;;266;51625724;22;;;;
brn.nokia-recentre.ru;NOKIA REMONT CENTRE;5;25;73852590070;;;266;51625727;11;;;;
brn.zte-recentre.ru;ZTE REMONT CENTRE;5;25;73852590070;;;266;51625736;66;;;;
belg.canon-recentre.ru;CANON REMONT CENTRE;5;44;78007076513;;;289;51625760;23;;;;
belg.lg-recentre.ru;LG REMONT CENTRE;5;44;78007076513;;;289;51625754;12;;;;
belg.nikon-recentre.ru;NIKON REMONT CENTRE;5;44;78007076513;;;289;51625748;22;;;;
belg.nokia-recentre.ru;NOKIA REMONT CENTRE;5;44;78007076513;;;289;51625757;11;;;;
belg.zte-recentre.ru;ZTE REMONT CENTRE;5;44;78007076513;;;289;51625751;66;;;;
bryan.canon-recentre.ru;CANON REMONT CENTRE;5;35;78007076513;;;290;51625781;23;;;;
bryan.lg-recentre.ru;LG REMONT CENTRE;5;35;78007076513;;;290;51625778;12;;;;
bryan.nikon-recentre.ru;NIKON REMONT CENTRE;5;35;78007076513;;;290;51625790;22;;;;
bryan.nokia-recentre.ru;NOKIA REMONT CENTRE;5;35;78007076513;;;290;51625787;11;;;;
bryan.zte-recentre.ru;ZTE REMONT CENTRE;5;35;78007076513;;;290;51625784;66;;;;
vgg.canon-recentre.ru;CANON REMONT CENTRE;5;13;78442591077;78442595001;78442596101;10;51625802;23;;;;
vgg.lg-recentre.ru;LG REMONT CENTRE;5;13;78442591077;78442595001;78442596101;10;51625814;12;;;;
vgg.nikon-recentre.ru;NIKON REMONT CENTRE;5;13;78442591077;78442595001;78442596101;10;51625808;22;;;;
vgg.nokia-recentre.ru;NOKIA REMONT CENTRE;5;13;78442591077;78442595001;78442596101;10;51625805;11;;;;
vgg.zte-recentre.ru;ZTE REMONT CENTRE;5;13;78442591077;78442595001;78442596101;10;51625811;66;;;;
vologd.canon-recentre.ru;CANON REMONT CENTRE;5;54;78172578583;;;292;51625835;23;;;;
vologd.lg-recentre.ru;LG REMONT CENTRE;5;54;78172578583;;;292;51625832;12;;;;
vologd.nikon-recentre.ru;NIKON REMONT CENTRE;5;54;78172578583;;;292;51625826;22;;;;
vologd.nokia-recentre.ru;NOKIA REMONT CENTRE;5;54;78172578583;;;292;51625829;11;;;;
vologd.zte-recentre.ru;ZTE REMONT CENTRE;5;54;78172578583;;;292;51625823;66;;;;
voron.canon-recentre.ru;CANON REMONT CENTRE;5;5;74732023365;74732020422;74732020426;207;51625850;23;;;;
voron.lg-recentre.ru;LG REMONT CENTRE;5;5;74732023365;74732020422;74732020426;207;51625853;12;;;;
voron.nikon-recentre.ru;NIKON REMONT CENTRE;5;5;74732023365;74732020422;74732020426;207;51625847;22;;;;
voron.nokia-recentre.ru;NOKIA REMONT CENTRE;5;5;74732023365;74732020422;74732020426;207;51625841;11;;;;
voron.zte-recentre.ru;ZTE REMONT CENTRE;5;5;74732023365;74732020422;74732020426;207;51625844;66;;;;
ekb.canon-recentre.ru;CANON REMONT CENTRE;5;2;73433057050;;;6;51625880;23;;;;
ekb.lg-recentre.ru;LG REMONT CENTRE;5;2;73433057050;;;6;51625883;12;;;;
ekb.nikon-recentre.ru;NIKON REMONT CENTRE;5;2;73433057050;;;6;51625871;22;;;;
ekb.nokia-recentre.ru;NOKIA REMONT CENTRE;5;2;73433057050;;;6;51625874;11;;;;
ekb.zte-recentre.ru;ZTE REMONT CENTRE;5;2;73433057050;;;6;51625877;66;;;;
ivn.canon-recentre.ru;CANON REMONT CENTRE;5;42;78007076513;;;321;51625913;23;;;;
ivn.lg-recentre.ru;LG REMONT CENTRE;5;42;78007076513;;;321;51625916;12;;;;
ivn.nikon-recentre.ru;NIKON REMONT CENTRE;5;42;78007076513;;;321;51625910;22;;;;
ivn.nokia-recentre.ru;NOKIA REMONT CENTRE;5;42;78007076513;;;321;51625919;11;;;;
ivn.zte-recentre.ru;ZTE REMONT CENTRE;5;42;78007076513;;;321;51625907;66;;;;
izh.canon-recentre.ru;CANON REMONT CENTRE;5;24;73412330703;;;208;51625958;23;;;;
izh.lg-recentre.ru;LG REMONT CENTRE;5;24;73412330703;;;208;51625964;12;;;;
izh.nikon-recentre.ru;NIKON REMONT CENTRE;5;24;73412330703;;;208;51625952;22;;;;
izh.nokia-recentre.ru;NOKIA REMONT CENTRE;5;24;73412330703;;;208;51625961;11;;;;
izh.zte-recentre.ru;ZTE REMONT CENTRE;5;24;73412330703;;;208;51625955;66;;;;
ir.canon-recentre.ru;CANON REMONT CENTRE;5;59;73952799849;;;209;51626012;23;;;;
ir.lg-recentre.ru;LG REMONT CENTRE;5;59;73952799849;;;209;51626000;12;;;;
ir.nikon-recentre.ru;NIKON REMONT CENTRE;5;59;73952799849;;;209;51626006;22;;;;
ir.nokia-recentre.ru;NOKIA REMONT CENTRE;5;59;73952799849;;;209;51626009;11;;;;
ir.zte-recentre.ru;ZTE REMONT CENTRE;5;59;73952799849;;;209;51626003;66;;;;
kzn.canon-recentre.ru;CANON REMONT CENTRE;5;10;78432110255;;;26;51626033;23;;;;
kzn.lg-recentre.ru;LG REMONT CENTRE;5;10;78432110255;;;26;51626027;12;;;;
kzn.nikon-recentre.ru;NIKON REMONT CENTRE;5;10;78432110255;;;26;51626036;22;;;;
kzn.nokia-recentre.ru;NOKIA REMONT CENTRE;5;10;78432110255;;;26;51626030;11;;;;
kzn.zte-recentre.ru;ZTE REMONT CENTRE;5;10;78432110255;;;26;51626024;66;;;;
kalug.canon-recentre.ru;CANON REMONT CENTRE;5;49;78007076513;;;293;51626075;23;;;;
kalug.lg-recentre.ru;LG REMONT CENTRE;5;49;78007076513;;;293;51626084;12;;;;
kalug.nikon-recentre.ru;NIKON REMONT CENTRE;5;49;78007076513;;;293;51626081;22;;;;
kalug.nokia-recentre.ru;NOKIA REMONT CENTRE;5;49;78007076513;;;293;51626087;11;;;;
kalug.zte-recentre.ru;ZTE REMONT CENTRE;5;49;78007076513;;;293;51626078;66;;;;
kemer.canon-recentre.ru;CANON REMONT CENTRE;5;60;78007076513;;;294;51626099;23;;;;
kemer.lg-recentre.ru;LG REMONT CENTRE;5;60;78007076513;;;294;51626105;12;;;;
kemer.nikon-recentre.ru;NIKON REMONT CENTRE;5;60;78007076513;;;294;51626108;22;;;;
kemer.nokia-recentre.ru;NOKIA REMONT CENTRE;5;60;78007076513;;;294;51626102;11;;;;
kemer.zte-recentre.ru;ZTE REMONT CENTRE;5;60;78007076513;;;294;51626111;66;;;;
kirov.canon-recentre.ru;CANON REMONT CENTRE;5;30;78007076513;;;295;51626132;23;;;;
kirov.lg-recentre.ru;LG REMONT CENTRE;5;30;78007076513;;;295;51626135;12;;;;
kirov.nikon-recentre.ru;NIKON REMONT CENTRE;5;30;78007076513;;;295;51626129;22;;;;
kirov.nokia-recentre.ru;NOKIA REMONT CENTRE;5;30;78007076513;;;295;51626126;11;;;;
kirov.zte-recentre.ru;ZTE REMONT CENTRE;5;30;78007076513;;;295;51626123;66;;;;
krd.canon-recentre.ru;CANON REMONT CENTRE;5;1;78612012474;78612012387;78612012396;123;51626171;23;;;;
krd.lg-recentre.ru;LG REMONT CENTRE;5;1;78612012474;78612012387;78612012396;123;51626168;12;;;;
krd.nikon-recentre.ru;NIKON REMONT CENTRE;5;1;78612012474;78612012387;78612012396;123;51626177;22;;;;
krd.nokia-recentre.ru;NOKIA REMONT CENTRE;5;1;78612012474;78612012387;78612012396;123;51626174;11;;;;
krd.zte-recentre.ru;ZTE REMONT CENTRE;5;1;78612012474;78612012387;78612012396;123;51626165;66;;;;
krn.canon-recentre.ru;CANON REMONT CENTRE;5;8;73912165844;;;23;51626204;23;;;;
krn.lg-recentre.ru;LG REMONT CENTRE;5;8;73912165844;;;23;51626198;12;;;;
krn.nikon-recentre.ru;NIKON REMONT CENTRE;5;8;73912165844;;;23;51626201;22;;;;
krn.nokia-recentre.ru;NOKIA REMONT CENTRE;5;8;73912165844;;;23;51626192;11;;;;
krn.zte-recentre.ru;ZTE REMONT CENTRE;5;8;73912165844;;;23;51626195;66;;;;
krs.canon-recentre.ru;CANON REMONT CENTRE;5;32;74712250872;;;213;51626219;23;;;;
krs.lg-recentre.ru;LG REMONT CENTRE;5;32;74712250872;;;213;51626216;12;;;;
krs.nikon-recentre.ru;NIKON REMONT CENTRE;5;32;74712250872;;;213;51626213;22;;;;
krs.nokia-recentre.ru;NOKIA REMONT CENTRE;5;32;74712250872;;;213;51626222;11;;;;
krs.zte-recentre.ru;ZTE REMONT CENTRE;5;32;74712250872;;;213;51626225;66;;;;
lip.canon-recentre.ru;CANON REMONT CENTRE;5;21;74742561751;;;17;51626243;23;;;;
lip.lg-recentre.ru;LG REMONT CENTRE;5;21;74742561751;;;17;51626234;12;;;;
lip.nikon-recentre.ru;NIKON REMONT CENTRE;5;21;74742561751;;;17;51626246;22;;;;
lip.nokia-recentre.ru;NOKIA REMONT CENTRE;5;21;74742561751;;;17;51626246;11;;;;
lip.zte-recentre.ru;ZTE REMONT CENTRE;5;21;74742561751;;;17;51626240;66;;;;
mgt.canon-recentre.ru;CANON REMONT CENTRE;5;33;73519584656;;;214;51626267;23;;;;
mgt.lg-recentre.ru;LG REMONT CENTRE;5;33;73519584656;;;214;51626264;12;;;;
mgt.nikon-recentre.ru;NIKON REMONT CENTRE;5;33;73519584656;;;214;51626270;22;;;;
mgt.nokia-recentre.ru;NOKIA REMONT CENTRE;5;33;73519584656;;;214;51626276;11;;;;
mgt.zte-recentre.ru;ZTE REMONT CENTRE;5;33;73519584656;;;214;51626273;66;;;;
canon-recentre.ru;CANON REMONT CENTRE;5;;74951042059;74951047565;74951042460;43;51626312;23;;;;
lg-recentre.ru;LG REMONT CENTRE;5;;74951042059;74951047565;74951042460;43;51626303;12;;;;
nikon-recentre.ru;NIKON REMONT CENTRE;5;;74951042059;74951047565;74951042460;43;51626309;22;;;;
nokia-recentre.ru;NOKIA REMONT CENTRE;5;;74951042059;74951047565;74951042460;43;51626300;11;;;;
zte-recentre.ru;ZTE REMONT CENTRE;5;;74951042059;74951047565;74951042460;43;51626306;66;;;;
nhc.canon-recentre.ru;CANON REMONT CENTRE;5;29;78552917850;;;216;51626336;23;;;;
nhc.lg-recentre.ru;LG REMONT CENTRE;5;29;78552917850;;;216;51626330;12;;;;
nhc.nikon-recentre.ru;NIKON REMONT CENTRE;5;29;78552917850;;;216;51626339;22;;;;
nhc.nokia-recentre.ru;NOKIA REMONT CENTRE;5;29;78552917850;;;216;51626333;11;;;;
nhc.zte-recentre.ru;ZTE REMONT CENTRE;5;29;78552917850;;;216;51626327;66;;;;
nnv.canon-recentre.ru;CANON REMONT CENTRE;5;7;78312170686;;;2;51626351;23;;;;
nnv.lg-recentre.ru;LG REMONT CENTRE;5;7;78312170686;;;2;51626357;12;;;;
nnv.nikon-recentre.ru;NIKON REMONT CENTRE;5;7;78312170686;;;2;51626360;22;;;;
nnv.nokia-recentre.ru;NOKIA REMONT CENTRE;5;7;78312170686;;;2;51626363;11;;;;
nnv.zte-recentre.ru;ZTE REMONT CENTRE;5;7;78312170686;;;2;51626354;66;;;;
nkz.canon-recentre.ru;CANON REMONT CENTRE;5;37;73843560223;;;218;51626402;23;;;;
nkz.lg-recentre.ru;LG REMONT CENTRE;5;37;73843560223;;;218;51626405;12;;;;
nkz.nikon-recentre.ru;NIKON REMONT CENTRE;5;37;73843560223;;;218;51626408;22;;;;
nkz.nokia-recentre.ru;NOKIA REMONT CENTRE;5;37;73843560223;;;218;51626396;11;;;;
nkz.zte-recentre.ru;ZTE REMONT CENTRE;5;37;73843560223;;;218;51626399;66;;;;
nsk.canon-recentre.ru;CANON REMONT CENTRE;5;9;73832850003;;;5;51626426;23;;;;
nsk.lg-recentre.ru;LG REMONT CENTRE;5;9;73832850003;;;5;51626420;12;;;;
nsk.nikon-recentre.ru;NIKON REMONT CENTRE;5;9;73832850003;;;5;51626432;22;;;;
nsk.nokia-recentre.ru;NOKIA REMONT CENTRE;5;9;73832850003;;;5;51626423;11;;;;
nsk.zte-recentre.ru;ZTE REMONT CENTRE;5;9;73832850003;;;5;51626429;66;;;;
omsk.canon-recentre.ru;CANON REMONT CENTRE;5;4;73812905288;;;298;51626438;23;;;;
omsk.lg-recentre.ru;LG REMONT CENTRE;5;4;73812905288;;;298;51626441;12;;;;
omsk.nikon-recentre.ru;NIKON REMONT CENTRE;5;4;73812905288;;;298;51626447;22;;;;
omsk.nokia-recentre.ru;NOKIA REMONT CENTRE;5;4;73812905288;;;298;51626444;11;;;;
omsk.zte-recentre.ru;ZTE REMONT CENTRE;5;4;73812905288;;;298;51626450;66;;;;
orl.canon-recentre.ru;CANON REMONT CENTRE;5;51;78007076513;;;299;51626477;23;;;;
orl.lg-recentre.ru;LG REMONT CENTRE;5;51;78007076513;;;299;51626468;12;;;;
orl.nikon-recentre.ru;NIKON REMONT CENTRE;5;51;78007076513;;;299;51626474;22;;;;
orl.nokia-recentre.ru;NOKIA REMONT CENTRE;5;51;78007076513;;;299;51626471;11;;;;
orl.zte-recentre.ru;ZTE REMONT CENTRE;5;51;78007076513;;;299;51626480;66;;;;
orenb.canon-recentre.ru;CANON REMONT CENTRE;5;27;78007076513;;;300;51626498;23;;;;
orenb.lg-recentre.ru;LG REMONT CENTRE;5;27;78007076513;;;300;51626489;12;;;;
orenb.nikon-recentre.ru;NIKON REMONT CENTRE;5;27;78007076513;;;300;51626495;22;;;;
orenb.nokia-recentre.ru;NOKIA REMONT CENTRE;5;27;78007076513;;;300;51626492;11;;;;
orenb.zte-recentre.ru;ZTE REMONT CENTRE;5;27;78007076513;;;300;51626501;66;;;;
pnz.canon-recentre.ru;CANON REMONT CENTRE;5;20;78412985520;;;16;51626516;23;;;;
pnz.lg-recentre.ru;LG REMONT CENTRE;5;20;78412985520;;;16;51626513;12;;;;
pnz.nikon-recentre.ru;NIKON REMONT CENTRE;5;20;78412985520;;;16;51626507;22;;;;
pnz.nokia-recentre.ru;NOKIA REMONT CENTRE;5;20;78412985520;;;16;51626510;11;;;;
pnz.zte-recentre.ru;ZTE REMONT CENTRE;5;20;78412985520;;;16;51626504;66;;;;
prm.canon-recentre.ru;CANON REMONT CENTRE;5;23;73422079616;;;29;51626534;23;;;;
prm.lg-recentre.ru;LG REMONT CENTRE;5;23;73422079616;;;29;51626537;12;;;;
prm.nikon-recentre.ru;NIKON REMONT CENTRE;5;23;73422079616;;;29;51626543;22;;;;
prm.nokia-recentre.ru;NOKIA REMONT CENTRE;5;23;73422079616;;;29;51626531;11;;;;
prm.zte-recentre.ru;ZTE REMONT CENTRE;5;23;73422079616;;;29;51626540;66;;;;
podlsk.canon-recentre.ru;CANON REMONT CENTRE;5;66;78007076513;;;301;51626558;23;;;;
podlsk.lg-recentre.ru;LG REMONT CENTRE;5;66;78007076513;;;301;51626561;12;;;;
podlsk.nikon-recentre.ru;NIKON REMONT CENTRE;5;66;78007076513;;;301;51626564;22;;;;
podlsk.nokia-recentre.ru;NOKIA REMONT CENTRE;5;66;78007076513;;;301;51626570;11;;;;
podlsk.zte-recentre.ru;ZTE REMONT CENTRE;5;66;78007076513;;;301;51626567;66;;;;
rnd.canon-recentre.ru;CANON REMONT CENTRE;5;12;78633100557;78633109653;78633109677;9;51626579;23;;;;
rnd.lg-recentre.ru;LG REMONT CENTRE;5;12;78633100557;78633109653;78633109677;9;51626582;12;;;;
rnd.nikon-recentre.ru;NIKON REMONT CENTRE;5;12;78633100557;78633109653;78633109677;9;51626573;22;;;;
rnd.nokia-recentre.ru;NOKIA REMONT CENTRE;5;12;78633100557;78633109653;78633109677;9;51626585;11;;;;
rnd.zte-recentre.ru;ZTE REMONT CENTRE;5;12;78633100557;78633109653;78633109677;9;51626576;66;;;;
ryz.canon-recentre.ru;CANON REMONT CENTRE;5;19;74912476001;;;15;51626600;23;;;;
ryz.lg-recentre.ru;LG REMONT CENTRE;5;19;74912476001;;;15;51626597;12;;;;
ryz.nikon-recentre.ru;NIKON REMONT CENTRE;5;19;74912476001;;;15;51626609;22;;;;
ryz.nokia-recentre.ru;NOKIA REMONT CENTRE;5;19;74912476001;;;15;51626603;11;;;;
ryz.zte-recentre.ru;ZTE REMONT CENTRE;5;19;74912476001;;;15;51626606;66;;;;
sam.canon-recentre.ru;CANON REMONT CENTRE;5;11;78462010655;;;8;51626621;23;;;;
sam.lg-recentre.ru;LG REMONT CENTRE;5;11;78462010655;;;8;51626627;12;;;;
sam.nikon-recentre.ru;NIKON REMONT CENTRE;5;11;78462010655;;;8;51626624;22;;;;
sam.nokia-recentre.ru;NOKIA REMONT CENTRE;5;11;78462010655;;;8;51626615;11;;;;
sam.zte-recentre.ru;ZTE REMONT CENTRE;5;11;78462010655;;;8;51626618;66;;;;
spb.canon-recentre.ru;CANON REMONT CENTRE;5;6;78126071966;78126046991;78126047025;27;51626648;23;;;;
spb.lg-recentre.ru;LG REMONT CENTRE;5;6;78126071966;78126046991;78126047025;27;51626636;12;;;;
spb.nikon-recentre.ru;NIKON REMONT CENTRE;5;6;78126071966;78126046991;78126047025;27;51626645;22;;;;
spb.nokia-recentre.ru;NOKIA REMONT CENTRE;5;6;78126071966;78126046991;78126047025;27;51626639;11;;;;
spb.zte-recentre.ru;ZTE REMONT CENTRE;5;6;78126071966;78126046991;78126047025;27;51626642;66;;;;
sar.canon-recentre.ru;CANON REMONT CENTRE;5;14;78452339557;78452338235;78452338278;11;51626669;23;;;;
sar.lg-recentre.ru;LG REMONT CENTRE;5;14;78452339557;78452338235;78452338278;11;51626672;12;;;;
sar.nikon-recentre.ru;NIKON REMONT CENTRE;5;14;78452339557;78452338235;78452338278;11;51626660;22;;;;
sar.nokia-recentre.ru;NOKIA REMONT CENTRE;5;14;78452339557;78452338235;78452338278;11;51626663;11;;;;
sar.zte-recentre.ru;ZTE REMONT CENTRE;5;14;78452339557;78452338235;78452338278;11;51626666;66;;;;
smolnsk.canon-recentre.ru;CANON REMONT CENTRE;5;53;78007076513;;;302;51626690;23;;;;
smolnsk.lg-recentre.ru;LG REMONT CENTRE;5;53;78007076513;;;302;51626687;12;;;;
smolnsk.nikon-recentre.ru;NIKON REMONT CENTRE;5;53;78007076513;;;302;51626696;22;;;;
smolnsk.nokia-recentre.ru;NOKIA REMONT CENTRE;5;53;78007076513;;;302;51626693;11;;;;
smolnsk.zte-recentre.ru;ZTE REMONT CENTRE;5;53;78007076513;;;302;51626684;66;;;;
sochi.canon-recentre.ru;CANON REMONT CENTRE;5;43;78622258870;;;224;51626729;23;;;;
sochi.lg-recentre.ru;LG REMONT CENTRE;5;43;78622258870;;;224;51626723;12;;;;
sochi.nikon-recentre.ru;NIKON REMONT CENTRE;5;43;78622258870;;;224;51626720;22;;;;
sochi.nokia-recentre.ru;NOKIA REMONT CENTRE;5;43;78622258870;;;224;51626732;11;;;;
sochi.zte-recentre.ru;ZTE REMONT CENTRE;5;43;78622258870;;;224;51626726;66;;;;
tver.canon-recentre.ru;CANON REMONT CENTRE;5;34;74822737339;;;228;51626750;23;;;;
tver.lg-recentre.ru;LG REMONT CENTRE;5;34;74822737339;;;228;51626747;12;;;;
tver.nikon-recentre.ru;NIKON REMONT CENTRE;5;34;74822737339;;;228;51626753;22;;;;
tver.nokia-recentre.ru;NOKIA REMONT CENTRE;5;34;74822737339;;;228;51626756;11;;;;
tver.zte-recentre.ru;ZTE REMONT CENTRE;5;34;74822737339;;;228;51626744;66;;;;
tlt.canon-recentre.ru;CANON REMONT CENTRE;5;36;78482949230;;;229;51626780;23;;;;
tlt.lg-recentre.ru;LG REMONT CENTRE;5;36;78482949230;;;229;51626783;12;;;;
tlt.nikon-recentre.ru;NIKON REMONT CENTRE;5;36;78482949230;;;229;51626777;22;;;;
tlt.nokia-recentre.ru;NOKIA REMONT CENTRE;5;36;78482949230;;;229;51626771;11;;;;
tlt.zte-recentre.ru;ZTE REMONT CENTRE;5;36;78482949230;;;229;51626774;66;;;;
tom.canon-recentre.ru;CANON REMONT CENTRE;5;18;73822994355;73822995397;73822995401;14;51626819;23;;;;
tom.lg-recentre.ru;LG REMONT CENTRE;5;18;73822994355;73822995397;73822995401;14;51626825;12;;;;
tom.nikon-recentre.ru;NIKON REMONT CENTRE;5;18;73822994355;73822995397;73822995401;14;51626816;22;;;;
tom.nokia-recentre.ru;NOKIA REMONT CENTRE;5;18;73822994355;73822995397;73822995401;14;51626813;11;;;;
tom.zte-recentre.ru;ZTE REMONT CENTRE;5;18;73822994355;73822995397;73822995401;14;51626822;66;;;;
tula.canon-recentre.ru;CANON REMONT CENTRE;5;28;74872570304;;;230;51626855;23;;;;
tula.lg-recentre.ru;LG REMONT CENTRE;5;28;74872570304;;;230;51626852;12;;;;
tula.nikon-recentre.ru;NIKON REMONT CENTRE;5;28;74872570304;;;230;51626849;22;;;;
tula.nokia-recentre.ru;NOKIA REMONT CENTRE;5;28;74872570304;;;230;51626843;11;;;;
tula.zte-recentre.ru;ZTE REMONT CENTRE;5;28;74872570304;;;230;51626846;66;;;;
tym.canon-recentre.ru;CANON REMONT CENTRE;5;15;73452514953;73452697345;73452697776;12;51626876;23;;;;
tym.lg-recentre.ru;LG REMONT CENTRE;5;15;73452514953;73452697345;73452697776;12;51626879;12;;;;
tym.nikon-recentre.ru;NIKON REMONT CENTRE;5;15;73452514953;73452697345;73452697776;12;51626867;22;;;;
tym.nokia-recentre.ru;NOKIA REMONT CENTRE;5;15;73452514953;73452697345;73452697776;12;51626870;11;;;;
tym.zte-recentre.ru;ZTE REMONT CENTRE;5;15;73452514953;73452697345;73452697776;12;51626873;66;;;;
uly.canon-recentre.ru;CANON REMONT CENTRE;5;26;78422312120;;;232;51626885;23;;;;
uly.lg-recentre.ru;LG REMONT CENTRE;5;26;78422312120;;;232;51626885;12;;;;
uly.nikon-recentre.ru;NIKON REMONT CENTRE;5;26;78422312120;;;232;51626888;22;;;;
uly.nokia-recentre.ru;NOKIA REMONT CENTRE;5;26;78422312120;;;232;51626891;11;;;;
uly.zte-recentre.ru;ZTE REMONT CENTRE;5;26;78422312120;;;232;51626894;66;;;;
ufa.canon-recentre.ru;CANON REMONT CENTRE;5;22;73472250400;;;28;51626921;23;;;;
ufa.lg-recentre.ru;LG REMONT CENTRE;5;22;73472250400;;;28;51626918;12;;;;
ufa.nikon-recentre.ru;NIKON REMONT CENTRE;5;22;73472250400;;;28;51626912;22;;;;
ufa.nokia-recentre.ru;NOKIA REMONT CENTRE;5;22;73472250400;;;28;51626909;11;;;;
ufa.zte-recentre.ru;ZTE REMONT CENTRE;5;22;73472250400;;;28;51626915;66;;;;
hub.canon-recentre.ru;CANON REMONT CENTRE;5;64;74212789975;;;233;51626936;23;;;;
hub.lg-recentre.ru;LG REMONT CENTRE;5;64;74212789975;;;233;51626942;12;;;;
hub.nikon-recentre.ru;NIKON REMONT CENTRE;5;64;74212789975;;;233;51626933;22;;;;
hub.nokia-recentre.ru;NOKIA REMONT CENTRE;5;64;74212789975;;;233;51626939;11;;;;
hub.zte-recentre.ru;ZTE REMONT CENTRE;5;64;74212789975;;;233;51626945;66;;;;
chb.canon-recentre.ru;CANON REMONT CENTRE;5;31;78352566668;;;235;51626972;23;;;;
chb.lg-recentre.ru;LG REMONT CENTRE;5;31;78352566668;;;235;51626969;12;;;;
chb.nikon-recentre.ru;NIKON REMONT CENTRE;5;31;78352566668;;;235;51626966;22;;;;
chb.nokia-recentre.ru;NOKIA REMONT CENTRE;5;31;78352566668;;;235;51626978;11;;;;
chb.zte-recentre.ru;ZTE REMONT CENTRE;5;31;78352566668;;;235;51626975;66;;;;
chl.canon-recentre.ru;CANON REMONT CENTRE;5;3;73512170515;;;25;51626999;23;;;;
chl.lg-recentre.ru;LG REMONT CENTRE;5;3;73512170515;;;25;51627011;12;;;;
chl.nikon-recentre.ru;NIKON REMONT CENTRE;5;3;73512170515;;;25;51627002;22;;;;
chl.nokia-recentre.ru;NOKIA REMONT CENTRE;5;3;73512170515;;;25;51627005;11;;;;
chl.zte-recentre.ru;ZTE REMONT CENTRE;5;3;73512170515;;;25;51627008;66;;;;
yar.canon-recentre.ru;CANON REMONT CENTRE;5;16;74852231044;;;13;51627029;23;;;;
yar.lg-recentre.ru;LG REMONT CENTRE;5;16;74852231044;;;13;51627032;12;;;;
yar.nikon-recentre.ru;NIKON REMONT CENTRE;5;16;74852231044;;;13;51627026;22;;;;
yar.nokia-recentre.ru;NOKIA REMONT CENTRE;5;16;74852231044;;;13;51627023;11;;;;
yar.zte-recentre.ru;ZTE REMONT CENTRE;5;16;74852231044;;;13;51627035;66;;;;