bls.acer-russia-support.ru;Acer Russia;1;68;78003506058;309;51517340;4;Асер Россия
bls.apple-russia-mobile.com;Apple Russia;1;68;78003506058;309;51518816;21;Эпл Россия
bls.asus-russia-support.com;Asus Russia;1;68;78003506058;309;51518858;3;Асус Россия
bls.canon-russia-support.ru;Canon Russia;1;68;78003506058;309;51518855;23;Кэнон Россия
bls.dell-russia-support.com;Dell Russia;1;68;78003506058;309;51518864;9;Делл Россия
bls.hp-russia-support.com;HP Russia;1;68;78003506058;309;51518861;6;НР Россия
bls.htc-russia-support.ru;HTC Russia;1;68;78003506058;309;51519005;10;НТС Россия
bls.huawei-russia-support.com;Huawei Russia;1;68;78003506058;309;51518843;17;Хуавей Россия
bls.lenovo-russia-support.com;Lenovo Russia;1;68;78003506058;309;51518846;5;Леново Россия
bls.lg-russia-mobile.com;LG Russia;1;68;78003506058;309;51518852;12;LG Россия
bls.meizu-russia-support.com;Meizu Russia;1;68;78003506058;309;51518849;20;Мейзу Россия
bls.msi-russia-support.com;MSI Russia;1;68;78003506058;309;51518867;8;MSI Россия
bls.nikon-russia-support.ru;Nikon Russia;1;68;78003506058;309;51518879;22;Никон Россия
bls.nokia-russia-support.com;Nokia Russia;1;68;78003506058;309;51518882;11;Нокиа Россия
bls.galaxy-russia-mobile.com;Samsung Russia;1;68;78003506058;309;51518885;2;Самсунг Россия
bls.xperia-russia.com;Sony Russia;1;68;78003506058;309;51518870;1;Сони Россия
bls.toshiba-russia-mobile.ru;Toshiba Russia;1;68;78003506058;309;51518876;7;Тошиба Россия
bls.xiaomi-russia-support.com;Xiaomi Russia;1;68;78003506058;309;51518873;18;Ксиаоми Россия
blg.acer-russia-support.ru;Acer Russia;1;44;78003506058;310;51519449;4;Асер Россия
blg.apple-russia-mobile.com;Apple Russia;1;44;78003506058;310;51519455;21;Эпл Россия
blg.asus-russia-support.com;Asus Russia;1;44;78003506058;310;51519443;3;Асус Россия
blg.canon-russia-support.ru;Canon Russia;1;44;78003506058;310;51519467;23;Кэнон Россия
blg.dell-russia-support.com;Dell Russia;1;44;78003506058;310;51519464;9;Делл Россия
blg.hp-russia-support.com;HP Russia;1;44;78003506058;310;51519440;6;НР Россия
blg.htc-russia-support.ru;HTC Russia;1;44;78003506058;310;51519461;10;НТС Россия
blg.huawei-russia-support.com;Huawei Russia;1;44;78003506058;310;51519452;17;Хуавей Россия
blg.lenovo-russia-support.com;Lenovo Russia;1;44;78003506058;310;51519458;5;Леново Россия
blg.lg-russia-mobile.com;LG Russia;1;44;78003506058;310;51519446;12;LG Россия
blg.meizu-russia-support.com;Meizu Russia;1;44;78003506058;310;51519488;20;Мейзу Россия
blg.msi-russia-support.com;MSI Russia;1;44;78003506058;310;51519479;8;MSI Россия
blg.nikon-russia-support.ru;Nikon Russia;1;44;78003506058;310;51519491;22;Никон Россия
blg.nokia-russia-support.com;Nokia Russia;1;44;78003506058;310;51519470;11;Нокиа Россия
blg.galaxy-russia-mobile.com;Samsung Russia;1;44;78003506058;310;51519482;2;Самсунг Россия
blg.xperia-russia.com;Sony Russia;1;44;78003506058;310;51519473;1;Сони Россия
blg.toshiba-russia-mobile.ru;Toshiba Russia;1;44;78003506058;310;51519476;7;Тошиба Россия
blg.xiaomi-russia-support.com;Xiaomi Russia;1;44;78003506058;310;51519485;18;Ксиаоми Россия
vol.acer-russia-support.ru;Acer Russia;1;54;78003506058;311;51519773;4;Асер Россия
vol.apple-russia-mobile.com;Apple Russia;1;54;78003506058;311;51519782;21;Эпл Россия
vol.asus-russia-support.com;Asus Russia;1;54;78003506058;311;51519779;3;Асус Россия
vol.canon-russia-support.ru;Canon Russia;1;54;78003506058;311;51519767;23;Кэнон Россия
vol.dell-russia-support.com;Dell Russia;1;54;78003506058;311;51519785;9;Делл Россия
vol.hp-russia-support.com;HP Russia;1;54;78003506058;311;51519776;6;НР Россия
vol.htc-russia-support.ru;HTC Russia;1;54;78003506058;311;51519758;10;НТС Россия
vol.huawei-russia-support.com;Huawei Russia;1;54;78003506058;311;51519761;17;Хуавей Россия
vol.lenovo-russia-support.com;Lenovo Russia;1;54;78003506058;311;51519770;5;Леново Россия
vol.lg-russia-mobile.com;LG Russia;1;54;78003506058;311;51519764;12;LG Россия
vol.meizu-russia-support.com;Meizu Russia;1;54;78003506058;311;51519803;20;Мейзу Россия
vol.msi-russia-support.com;MSI Russia;1;54;78003506058;311;51519794;8;MSI Россия
vol.nikon-russia-support.ru;Nikon Russia;1;54;78003506058;311;51519806;22;Никон Россия
vol.nokia-russia-support.com;Nokia Russia;1;54;78003506058;311;51519791;11;Нокиа Россия
vol.galaxy-russia-mobile.com;Samsung Russia;1;54;78003506058;311;51519788;2;Самсунг Россия
vol.xperia-russia.com;Sony Russia;1;54;78003506058;311;51519800;1;Сони Россия
vol.toshiba-russia-mobile.ru;Toshiba Russia;1;54;78003506058;311;51519809;7;Тошиба Россия
vol.xiaomi-russia-support.com;Xiaomi Russia;1;54;78003506058;311;51519797;18;Ксиаоми Россия
ivn.acer-russia-support.ru;Acer Russia;1;42;78003506058;312;51520022;4;Асер Россия
ivn.apple-russia-mobile.com;Apple Russia;1;42;78003506058;312;51520010;21;Эпл Россия
ivn.asus-russia-support.com;Asus Russia;1;42;78003506058;312;51520001;3;Асус Россия
ivn.canon-russia-support.ru;Canon Russia;1;42;78003506058;312;51519998;23;Кэнон Россия
ivn.dell-russia-support.com;Dell Russia;1;42;78003506058;312;51520004;9;Делл Россия
ivn.hp-russia-support.com;HP Russia;1;42;78003506058;312;51520007;6;НР Россия
ivn.htc-russia-support.ru;HTC Russia;1;42;78003506058;312;51520100;10;НТС Россия
ivn.huawei-russia-support.com;Huawei Russia;1;42;78003506058;312;51520013;17;Хуавей Россия
ivn.lenovo-russia-support.com;Lenovo Russia;1;42;78003506058;312;51520019;5;Леново Россия
ivn.lg-russia-mobile.com;LG Russia;1;42;78003506058;312;51520016;12;LG Россия
ivn.meizu-russia-support.com;Meizu Russia;1;42;78003506058;312;51520046;20;Мейзу Россия
ivn.msi-russia-support.com;MSI Russia;1;42;78003506058;312;51520031;8;MSI Россия
ivn.nikon-russia-support.ru;Nikon Russia;1;42;78003506058;312;51520028;22;Никон Россия
ivn.nokia-russia-support.com;Nokia Russia;1;42;78003506058;312;51520037;11;Нокиа Россия
ivn.galaxy-russia-mobile.com;Samsung Russia;1;42;78003506058;312;51520040;2;Самсунг Россия
ivn.xperia-russia.com;Sony Russia;1;42;78003506058;312;51520025;1;Сони Россия
ivn.toshiba-russia-mobile.ru;Toshiba Russia;1;42;78003506058;312;51520043;7;Тошиба Россия
ivn.xiaomi-russia-support.com ;Xiaomi Russia;1;42;78003506058;312;51520034;18;Ксиаоми Россия
klg.acer-russia-support.ru;Acer Russia;1;49;78003506058;313;51520454;4;Асер Россия
klg.apple-russia-mobile.com;Apple Russia;1;49;78003506058;313;51520442;21;Эпл Россия
klg.asus-russia-support.com;Asus Russia;1;49;78003506058;313;51520448;3;Асус Россия
klg.canon-russia-support.ru;Canon Russia;1;49;78003506058;313;51520451;23;Кэнон Россия
 klg.dell-russia-support.com;Dell Russia;1;49;78003506058;313;51520460;9;Делл Россия
klg.hp-russia-support.com;HP Russia;1;49;78003506058;313;51520457;6;НР Россия
klg.htc-russia-support.ru;HTC Russia;1;49;78003506058;313;51520466;10;НТС Россия
klg.huawei-russia-support.com;Huawei Russia;1;49;78003506058;313;51520445;17;Хуавей Россия
klg.lenovo-russia-support.com;Lenovo Russia;1;49;78003506058;313;51520463;5;Леново Россия
klg.lg-russia-mobile.com;LG Russia;1;49;78003506058;313;51520490;12;LG Россия
klg.meizu-russia-support.com;Meizu Russia;1;49;78003506058;313;51520472;20;Мейзу Россия
klg.msi-russia-support.com;MSI Russia;1;49;78003506058;313;51520475;8;MSI Россия
klg.nikon-russia-support.ru;Nikon Russia;1;49;78003506058;313;51520481;22;Никон Россия
klg.nokia-russia-support.com;Nokia Russia;1;49;78003506058;313;51520484;11;Нокиа Россия
klg.galaxy-russia-mobile.com;Samsung Russia;1;49;78003506058;313;51520487;2;Самсунг Россия
klg.xperia-russia.com;Sony Russia;1;49;78003506058;313;51520493;1;Сони Россия
klg.toshiba-russia-mobile.ru;Toshiba Russia;1;49;78003506058;313;51520469;7;Тошиба Россия
klg.xiaomi-russia-support.com;Xiaomi Russia;1;49;78003506058;313;51520478;18;Ксиаоми Россия
kem.acer-russia-support.ru;Acer Russia;1;60;78003506058;314;51520844;4;Асер Россия
kem.apple-russia-mobile.com;Apple Russia;1;60;78003506058;314;51520829;21;Эпл Россия
kem.asus-russia-support.com;Asus Russia;1;60;78003506058;314;51520835;3;Асус Россия
kem.canon-russia-support.ru;Canon Russia;1;60;78003506058;314;51520832;23;Кэнон Россия
kem.dell-russia-support.com;Dell Russia;1;60;78003506058;314;51520820;9;Делл Россия
kem.hp-russia-support.com;HP Russia;1;60;78003506058;314;51520847;6;НР Россия
kem.htc-russia-support.ru;HTC Russia;1;60;78003506058;314;51520838;10;НТС Россия
kem.huawei-russia-support.com;Huawei Russia;1;60;78003506058;314;51520823;17;Хуавей Россия
kem.lenovo-russia-support.com;Lenovo Russia;1;60;78003506058;314;51520841;5;Леново Россия
kem.lg-russia-mobile.com;LG Russia;1;60;78003506058;314;51520826;12;LG Россия
kem.meizu-russia-support.com;Meizu Russia;1;60;78003506058;314;51520859;20;Мейзу Россия
 kem.msi-russia-support.com;MSI Russia;1;60;78003506058;314;51520850;8;MSI Россия
kem.nikon-russia-support.ru;Nikon Russia;1;60;78003506058;314;51520862;22;Никон Россия
kem.nokia-russia-support.com;Nokia Russia;1;60;78003506058;314;51520853;11;Нокиа Россия
kem.galaxy-russia-mobile.com;Samsung Russia;1;60;78003506058;314;51520856;2;Самсунг Россия
kem.xperia-russia.com;Sony Russia;1;60;78003506058;314;51520871;1;Сони Россия
kem.toshiba-russia-mobile.ru;Toshiba Russia;1;60;78003506058;314;51520865;7;Тошиба Россия
kem.xiaomi-russia-support.com;Xiaomi Russia;1;60;78003506058;314;51520868;18;Ксиаоми Россия
nkz.acer-russia-support.ru;Acer Russia;1;37;78003506058;315;51521207;4;Асер Россия
nkz.apple-russia-mobile.com;Apple Russia;1;37;78003506058;315;51521204;21;Эпл Россия
 nkz.asus-russia-support.com;Asus Russia;1;37;78003506058;315;51521198;3;Асус Россия
nkz.canon-russia-support.ru;Canon Russia;1;37;78003506058;315;51521189;23;Кэнон Россия
nkz.dell-russia-support.com;Dell Russia;1;37;78003506058;315;51521195;9;Делл Россия
nkz.hp-russia-support.com;HP Russia;1;37;78003506058;315;51521210;6;НР Россия
nkz.htc-russia-support.ru;HTC Russia;1;37;78003506058;315;51521201;10;НТС Россия
nkz.huawei-russia-support.com;Huawei Russia;1;37;78003506058;315;51521192;17;Хуавей Россия
 nkz.lenovo-russia-support.com;Lenovo Russia;1;37;78003506058;315;51521216;5;Леново Россия
nkz.lg-russia-mobile.com;LG Russia;1;37;78003506058;315;51521213;12;LG Россия
 nkz.meizu-russia-support.com;Meizu Russia;1;37;78003506058;315;51521228;20;Мейзу Россия
 nkz.msi-russia-support.com;MSI Russia;1;37;78003506058;315;51521225;8;MSI Россия
nkz.nikon-russia-support.ru;Nikon Russia;1;37;78003506058;315;51521219;22;Никон Россия
 nkz.nokia-russia-support.com;Nokia Russia;1;37;78003506058;315;51521222;11;Нокиа Россия
 nkz.galaxy-russia-mobile.com;Samsung Russia;1;37;78003506058;315;51521234;2;Самсунг Россия
nkz.xperia-russia.com;Sony Russia;1;37;78003506058;315;51521237;1;Сони Россия
 nkz.toshiba-russia-mobile.ru;Toshiba Russia;1;37;78003506058;315;51521240;7;Тошиба Россия
 nkz.xiaomi-russia-support.com;Xiaomi Russia;1;37;78003506058;315;51521243;18;Ксиаоми Россия
orl.acer-russia-support.ru;Acer Russia;1;51;78003506058;316;51521399;4;Асер Россия
orl.apple-russia-mobile.com;Apple Russia;1;51;78003506058;316;51521414;21;Эпл Россия
orl.asus-russia-support.com;Asus Russia;1;51;78003506058;316;51521402;3;Асус Россия
orl.canon-russia-support.ru;Canon Russia;1;51;78003506058;316;51521411;23;Кэнон Россия
orl.dell-russia-support.com;Dell Russia;1;51;78003506058;316;51521405;9;Делл Россия
orl.hp-russia-support.com;HP Russia;1;51;78003506058;316;51521417;6;НР Россия
orl.htc-russia-support.ru;HTC Russia;1;51;78003506058;316;51521420;10;НТС Россия
orl.huawei-russia-support.com;Huawei Russia;1;51;78003506058;316;51521408;17;Хуавей Россия
 orl.lenovo-russia-support.com;Lenovo Russia;1;51;78003506058;316;51521423;5;Леново Россия
orl.lg-russia-mobile.com;LG Russia;1;51;78003506058;316;51521435;12;LG Россия
orl.meizu-russia-support.com;Meizu Russia;1;51;78003506058;316;51521438;20;Мейзу Россия
orl.msi-russia-support.com;MSI Russia;1;51;78003506058;316;51521444;8;MSI Россия
orl.nikon-russia-support.ru;Nikon Russia;1;51;78003506058;316;51521447;22;Никон Россия
orl.nokia-russia-support.com;Nokia Russia;1;51;78003506058;316;51521426;11;Нокиа Россия
orl.galaxy-russia-mobile.com;Samsung Russia;1;51;78003506058;316;51521441;2;Самсунг Россия
orl.xperia-russia.com;Sony Russia;1;51;78003506058;316;51521450;1;Сони Россия
orl.toshiba-russia-mobile.ru;Toshiba Russia;1;51;78003506058;316;51521432;7;Тошиба Россия
orl.xiaomi-russia-support.com;Xiaomi Russia;1;51;78003506058;316;51521429;18;Ксиаоми Россия
pnz.acer-russia-support.ru;Acer Russia;1;20;78003506058;317;51521621;4;Асер Россия
pnz.apple-russia-mobile.com;Apple Russia;1;20;78003506058;317;51521615;21;Эпл Россия
pnz.asus-russia-support.com;Asus Russia;1;20;78003506058;317;51521630;3;Асус Россия
pnz.canon-russia-support.ru;Canon Russia;1;20;78003506058;317;51521636;23;Кэнон Россия
pnz.dell-russia-support.com;Dell Russia;1;20;78003506058;317;51521618;9;Делл Россия
pnz.hp-russia-support.com;HP Russia;1;20;78003506058;317;51521612;6;НР Россия
pnz.htc-russia-support.ru;HTC Russia;1;20;78003506058;317;51521624;10;НТС Россия
pnz.huawei-russia-support.com;Huawei Russia;1;20;78003506058;317;51521633;17;Хуавей Россия
pnz.lenovo-russia-support.com;Lenovo Russia;1;20;78003506058;317;51521609;5;Леново Россия
pnz.lg-russia-mobile.com;LG Russia;1;20;78003506058;317;51521627;12;LG Россия
pnz.meizu-russia-support.com;Meizu Russia;1;20;78003506058;317;51521645;20;Мейзу Россия
pnz.msi-russia-support.com;MSI Russia;1;20;78003506058;317;51521651;8;MSI Россия
pnz.nikon-russia-support.ru;Nikon Russia;1;20;78003506058;317;51521654;22;Никон Россия
pnz.nokia-russia-support.com ;Nokia Russia;1;20;78003506058;317;51521642;11;Нокиа Россия
pnz.galaxy-russia-mobile.com;Samsung Russia;1;20;78003506058;317;51521660;2;Самсунг Россия
pnz.xperia-russia.com;Sony Russia;1;20;78003506058;317;51521648;1;Сони Россия
pnz.toshiba-russia-mobile.ru;Toshiba Russia;1;20;78003506058;317;51521639;7;Тошиба Россия
pnz.xiaomi-russia-support.com;Xiaomi Russia;1;20;78003506058;317;51521657;18;Ксиаоми Россия
sml.acer-russia-support.ru;Acer Russia;1;53;78003506058;318;51521876;4;Асер Россия
 sml.apple-russia-mobile.com;Apple Russia;1;53;78003506058;318;51521879;21;Эпл Россия
 sml.asus-russia-support.com;Asus Russia;1;53;78003506058;318;51521888;3;Асус Россия
sml.canon-russia-support.ru;Canon Russia;1;53;78003506058;318;51521882;23;Кэнон Россия
 sml.dell-russia-support.com;Dell Russia;1;53;78003506058;318;51521885;9;Делл Россия
 sml.hp-russia-support.com;HP Russia;1;53;78003506058;318;51521873;6;НР Россия
sml.htc-russia-support.ru;HTC Russia;1;53;78003506058;318;51521894;10;НТС Россия
sml.huawei-russia-support.com;Huawei Russia;1;53;78003506058;318;51521900;17;Хуавей Россия
sml.lenovo-russia-support.com;Lenovo Russia;1;53;78003506058;318;51521906;5;Леново Россия
sml.lg-russia-mobile.com;LG Russia;1;53;78003506058;318;51521903;12;LG Россия
sml.meizu-russia-support.com;Meizu Russia;1;53;78003506058;318;51521891;20;Мейзу Россия
sml.msi-russia-support.com;MSI Russia;1;53;78003506058;318;51521897;8;MSI Россия
sml.nikon-russia-support.ru;Nikon Russia;1;53;78003506058;318;51521912;22;Никон Россия
sml.nokia-russia-support.com;Nokia Russia;1;53;78003506058;318;51521909;11;Нокиа Россия
sml.galaxy-russia-mobile.com;Samsung Russia;1;53;78003506058;318;51521924;2;Самсунг Россия
sml.xperia-russia.com;Sony Russia;1;53;78003506058;318;51521915;1;Сони Россия
sml.toshiba-russia-mobile.ru;Toshiba Russia;1;53;78003506058;318;51521918;7;Тошиба Россия
sml.xiaomi-russia-support.com;Xiaomi Russia;1;53;78003506058;318;51521921;18;Ксиаоми Россия
tol.acer-russia-support.ru;Acer Russia;1;36;78003506058;319;51522212;4;Асер Россия
tol.apple-russia-mobile.com;Apple Russia;1;36;78003506058;319;51522206;21;Эпл Россия
tol.asus-russia-support.com;Asus Russia;1;36;78003506058;319;51522209;3;Асус Россия
 tol.canon-russia-support.ru;Canon Russia;1;36;78003506058;319;51522218;23;Кэнон Россия
 tol.dell-russia-support.com;Dell Russia;1;36;78003506058;319;51522203;9;Делл Россия
 tol.hp-russia-support.com;HP Russia;1;36;78003506058;319;51522200;6;НР Россия
tol.htc-russia-support.ru;HTC Russia;1;36;78003506058;319;51522215;10;НТС Россия
tol.huawei-russia-support.com;Huawei Russia;1;36;78003506058;319;51522242;17;Хуавей Россия
tol.lenovo-russia-support.com;Lenovo Russia;1;36;78003506058;319;51522236;5;Леново Россия
tol.lg-russia-mobile.com;LG Russia;1;36;78003506058;319;51522224;12;LG Россия
tol.meizu-russia-support.com;Meizu Russia;1;36;78003506058;319;51522233;20;Мейзу Россия
tol.msi-russia-support.com;MSI Russia;1;36;78003506058;319;51522245;8;MSI Россия
 tol.nikon-russia-support.ru;Nikon Russia;1;36;78003506058;319;51522239;22;Никон Россия
tol.nokia-russia-support.com;Nokia Russia;1;36;78003506058;319;51522221;11;Нокиа Россия
tol.galaxy-russia-mobile.com;Samsung Russia;1;36;78003506058;319;51522230;2;Самсунг Россия
tol.xperia-russia.com;Sony Russia;1;36;78003506058;319;51522227;1;Сони Россия
tol.toshiba-russia-mobile.ru;Toshiba Russia;1;36;78003506058;319;51522251;7;Тошиба Россия
tol.xiaomi-russia-support.com;Xiaomi Russia;1;36;78003506058;319;51522248;18;Ксиаоми Россия
hrb.acer-russia-support.ru;Acer Russia;1;64;78003506058;320;51522545;4;Асер Россия
hrb.apple-russia-mobile.com;Apple Russia;1;64;78003506058;320;51522551;21;Эпл Россия
hrb.asus-russia-support.com;Asus Russia;1;64;78003506058;320;51522554;3;Асус Россия
hrb.canon-russia-support.ru;Canon Russia;1;64;78003506058;320;51522557;23;Кэнон Россия
 hrb.dell-russia-support.com;Dell Russia;1;64;78003506058;320;51522560;9;Делл Россия
 hrb.hp-russia-support.com;HP Russia;1;64;78003506058;320;51522542;6;НР Россия
 hrb.htc-russia-support.ru;HTC Russia;1;64;78003506058;320;51522548;10;НТС Россия
hrb.huawei-russia-support.com;Huawei Russia;1;64;78003506058;320;51522566;17;Хуавей Россия
hrb.lenovo-russia-support.com;Lenovo Russia;1;64;78003506058;320;51522569;5;Леново Россия
hrb.lg-russia-mobile.com;LG Russia;1;64;78003506058;320;51522587;12;LG Россия
 hrb.meizu-russia-support.com;Meizu Russia;1;64;78003506058;320;51522575;20;Мейзу Россия
hrb.msi-russia-support.com;MSI Russia;1;64;78003506058;320;51522578;8;MSI Россия
hrb.nikon-russia-support.ru;Nikon Russia;1;64;78003506058;320;51522584;22;Никон Россия
hrb.nokia-russia-support.com;Nokia Russia;1;64;78003506058;320;51522581;11;Нокиа Россия
hrb.galaxy-russia-mobile.com;Samsung Russia;1;64;78003506058;320;51522563;2;Самсунг Россия
hrb.xperia-russia.com;Sony Russia;1;64;78003506058;320;51522572;1;Сони Россия
hrb.toshiba-russia-mobile.ru;Toshiba Russia;1;64;78003506058;320;51522593;7;Тошиба Россия
hrb.xiaomi-russia-support.com;Xiaomi Russia;1;64;78003506058;320;51522590;18;Ксиаоми Россия