Samsung;смартфон;Galaxy;Галакси;1;Samsung Galaxy A3;Самсунг Галакси А3;A3;A;Galaxy;А3;А;Галакси;А 3
Samsung;смартфон;Galaxy;Галакси;1;Samsung Galaxy A5;Самсунг Галакси А5;A5;A;Galaxy;А5;А;Галакси;А 5
Samsung;смартфон;Galaxy;Галакси;1;Samsung Galaxy A7;Самсунг Галакси А7;A7;A;Galaxy;А7;А;Галакси;А 7
Samsung;смартфон;Galaxy;Галакси;1;Samsung Galaxy A8;Самсунг Галакси А8;A8;A;Galaxy;А8;А;Галакси;А 8
Samsung;смартфон;Galaxy;Галакси;1;Samsung Galaxy A9;Самсунг Галакси А9;A9;A;Galaxy;А9;А;Галакси;А 9
Samsung;смартфон;Galaxy;Галакси;1;Samsung Galaxy Ace;Самсунг Галакси Асе;Ace;Ace;Galaxy;Асе;Асе;Галакси;Эйс
Samsung;смартфон;Galaxy;Галакси;1;Samsung Galaxy Ace 2;Самсунг Галакси Асе 2;Ace 2;Ace;Galaxy;Асе 2;Асе;Галакси;Эйс 2
Samsung;смартфон;Galaxy;Галакси;1;Samsung Galaxy Ace 3;Самсунг Галакси Асе 3;Ace 3;Ace;Galaxy;Асе 3;Асе;Галакси;Эйс 3
Samsung;смартфон;Galaxy;Галакси;1;Samsung Galaxy Ace 4;Самсунг Галакси Асе 4;Ace 4;Ace;Galaxy;Асе 4;Асе;Галакси;Эйс 4
Samsung;смартфон;Galaxy;Галакси;1;Samsung Galaxy Ace 4 Duos;Самсунг Галакси Асе 4 Дуос;Ace 4 Duos;Ace;Galaxy;Асе 4 Дуос;Асе;Галакси;Эйс 4 Дуос
Samsung;смартфон;Galaxy;Галакси;1;Samsung Galaxy Ace 4 Lite;Самсунг Галакси Асе 4 Лайт;Ace 4 Lite;Ace;Galaxy;Асе 4 Лайт;Асе;Галакси;Эйс 4 Лайт
Samsung;смартфон;Galaxy;Галакси;1;Samsung Galaxy Ace 4 Lite Duos;Самсунг Галакси Асе 4 Лайт Дуос;Ace 4 Lite Duos;Ace;Galaxy;Асе 4 Лайт Дуос;Асе;Галакси;Эйс 4 Лаит Дуос
Samsung;смартфон;Galaxy;Галакси;1;Samsung Galaxy Ace 4 Neo;Самсунг Галакси Асе 4 Нео;Ace 4 Neo;Ace;Galaxy;Асе 4 Нео;Асе;Галакси;Эйс 4 Нео
Samsung;смартфон;Galaxy;Галакси;1;Samsung Galaxy Ace Duos;Самсунг Галакси Асе Дуос;Ace Duos;Ace;Galaxy;Асе Дуос;Асе;Галакси;Эйс Дуос
Samsung;смартфон;Galaxy;Галакси;1;Samsung Galaxy Ace La Fleur;Самсунг Галакси Асе Ля Флер;Ace La Fleur;Ace;Galaxy;Асе Ля Флер;Асе;Галакси;Эйс Ла Флер
Samsung;смартфон;Galaxy;Галакси;1;Samsung Galaxy Ace Plus;Самсунг Галакси Асе Плюс;Ace Plus;Ace;Galaxy;Асе Плюс;Асе;Галакси;Эйс Плюс
Samsung;смартфон;Galaxy;Галакси;1;Samsung Galaxy Ace Style LTE;Самсунг Галакси Асе Стайл ЛТЕ;Ace Style LTE;Ace;Galaxy;Асе Стайл ЛТЕ;Асе;Галакси;Эйс Стайл ЛТЕ
Samsung;смартфон;Galaxy;Галакси;1;Samsung Galaxy Alpha;Самсунг Галакси Альфа;Alpha;Alfa;Galaxy;Альфа;Альфа;Галакси;Альфа
Samsung;смартфон;Galaxy;Галакси;1;Samsung Galaxy Core;Самсунг Галакси Коре;Core;Core;Galaxy;Коре;Коре;Галакси;Кор
Samsung;смартфон;Galaxy;Галакси;1;Samsung Galaxy Core 2;Самсунг Галакси Коре 2;Core 2;Core;Galaxy;Коре 2;Коре;Галакси;Кор 2
Samsung;смартфон;Galaxy;Галакси;1;Samsung Galaxy Core 2 Duos;Самсунг Галакси Коре 2 Дуос;Core 2 Duos;Core;Galaxy;Коре 2 Дуос;Коре;Галакси;Кор 2 Дуос
Samsung;смартфон;Galaxy;Галакси;1;Samsung Galaxy Core Advance;Самсунг Галакси Коре Адванс;Core Advance;Core;Galaxy;Коре Адванс;Коре;Галакси;Кор Адванс
Samsung;смартфон;Galaxy;Галакси;1;Samsung Galaxy Core LTE;Самсунг Галакси Коре ЛТЕ;Core LTE;Core;Galaxy;Коре ЛТЕ;Коре;Галакси;Кор ЛТЕ
Samsung;смартфон;Galaxy;Галакси;1;Samsung Galaxy Core Prime;Самсунг Галакси Коре Прайм;Core Prime;Core;Galaxy;Коре Прайм;Коре;Галакси;Кор Прайм
Samsung;смартфон;Galaxy;Галакси;1;Samsung Galaxy E5;Самсунг Галакси Е5;E5;E;Galaxy;Е5;Е;Галакси;Е 5
Samsung;смартфон;Galaxy;Галакси;1;Samsung Galaxy E7;Самсунг Галакси Е7;E7;E;Galaxy;Е7;Е;Галакси;Е 7
Samsung;смартфон;Galaxy;Галакси;1;Samsung Galaxy E7 Duos;Самсунг Галакси Е7 Дуос;E7 Duos;E;Galaxy;Е7 Дуос;Е;Галакси;Е 7 Дуос
Samsung;смартфон;Galaxy;Галакси;1;Samsung Galaxy Fame;Самсунг Галакси Фаме;Fame;Fame;Galaxy;Фаме;Фаме;Галакси;Фаме
Samsung;смартфон;Galaxy;Галакси;1;Samsung Galaxy Fame Lite;Самсунг Галакси Фаме Лайт;Fame Lite;Fame;Galaxy;Фаме Лайт;Фаме;Галакси;Фаме Лайт
Samsung;смартфон;Galaxy;Галакси;1;Samsung Galaxy Fame Lite La Fleur;Самсунг Галакси Фаме Лайт Ла Флер;Fame Lite La Fleur;Fame;Galaxy;Фаме Лайт Ла Флер;Фаме;Галакси;Фаме Лайт Ла Флер
Samsung;смартфон;Galaxy;Галакси;1;Samsung Galaxy Fit;Самсунг Галакси Фит;Fit;Fit;Galaxy;Фит;Фит;Галакси;Фит
Samsung;смартфон;Galaxy;Галакси;1;Samsung Galaxy Gio;Самсунг Галакси Джио;Gio;Gio;Galaxy;Джио;Джио;Галакси;Джио
Samsung;смартфон;Galaxy;Галакси;1;Samsung Galaxy Grand;Самсунг Галакси Гранд;Grand;Grand;Galaxy;Гранд;Гранд;Галакси;Гранд
Samsung;смартфон;Galaxy;Галакси;1;Samsung Galaxy Grand 2;Самсунг Галакси Гранд 2;Grand 2;Grand;Galaxy;Гранд 2;Гранд;Галакси;Гранд 2
Samsung;смартфон;Galaxy;Галакси;1;Samsung Galaxy Grand Neo;Самсунг Галакси Гранд Нео;Grand Neo;Grand;Galaxy;Гранд Нео;Гранд;Галакси;Гранд Нео
Samsung;смартфон;Galaxy;Галакси;1;Samsung Galaxy Grand Prime;Самсунг Галакси Гранд Прайм;Grand Prime;Grand;Galaxy;Гранд Прайм;Гранд;Галакси;Гранд Прайм
Samsung;смартфон;Galaxy;Галакси;1;Samsung Galaxy Grand Prime VE;Самсунг Галакси Гранд Прайм ВЕ;Grand Prime VE;Grand;Galaxy;Гранд Прайм ВЕ;Гранд;Галакси;Гранд Прайм ВЕ
Samsung;смартфон;Galaxy;Галакси;1;Samsung Galaxy J1;Самсунг Галакси Джи 1;J1;J;Galaxy;Джи 1;Джи;Галакси;Джи 1
Samsung;смартфон;Galaxy;Галакси;1;Samsung Galaxy J1 Mini;Самсунг Галакси Джи 1 Мини;J1 Mini;J;Galaxy;Джи 1 Мини;Джи;Галакси;Джи 1 Мини
Samsung;смартфон;Galaxy;Галакси;1;Samsung Galaxy J2;Самсунг Галакси Джи 2;J2;J;Galaxy;Джи 2;Джи;Галакси;Джи 2
Samsung;смартфон;Galaxy;Галакси;1;Samsung Galaxy J3;Самсунг Галакси Джи 3;J3;J;Galaxy;Джи 3;Джи;Галакси;Джи 3
Samsung;смартфон;Galaxy;Галакси;1;Samsung Galaxy J5;Самсунг Галакси Джи 5;J5;J;Galaxy;Джи 5;Джи;Галакси;Джи 5
Samsung;смартфон;Galaxy;Галакси;1;Samsung Galaxy J7;Самсунг Галакси Джи 7;J7;J;Galaxy;Джи 7;Джи;Галакси;Джи 7
Samsung;смартфон;Galaxy;Галакси;1;Samsung Galaxy K;Самсунг Галакси К;K;K;Galaxy;К;К;Галакси;К
Samsung;смартфон;Galaxy;Галакси;1;Samsung Galaxy K Zoom;Самсунг Галакси К Зум;K Zoom;K;Galaxy;К Зум;К;Галакси;К Зум
Samsung;смартфон;Galaxy;Галакси;1;Samsung Galaxy Mega;Самсунг Галакси Мега;Mega;Mega;Galaxy;Мега;Мега;Галакси;Мега
Samsung;смартфон;Galaxy;Галакси;1;Samsung Galaxy Mega 2;Самсунг Галакси Мега 2;Mega 2;Mega;Galaxy;Мега 2;Мега;Галакси;Мега 2
Samsung;смартфон;Galaxy;Галакси;1;Samsung Galaxy Mega 5.8;Самсунг Галакси Мега 5.8;Mega 5.8;Mega;Galaxy;Мега 5.8;Мега;Галакси;Мега 5-8
Samsung;смартфон;Galaxy;Галакси;1;Samsung Galaxy Mega 6.3;Самсунг Галакси Мега 6.3;Mega 6.3;Mega;Galaxy;Мега 6.3;Мега;Галакси;Мега 6-3
Samsung;смартфон;Galaxy;Галакси;1;Samsung Galaxy Mini;Самсунг Галакси Мини;Mini;Mini;Galaxy;Мини;Мини;Галакси;Мини
Samsung;смартфон;Galaxy;Галакси;1;Samsung Galaxy Mini 2;Самсунг Галакси Мини 2;Mini 2;Mini;Galaxy;Мини 2;Мини;Галакси;Мини 2
Samsung;смартфон;Galaxy;Галакси;1;Samsung Galaxy Nexus;Самсунг Галакси Нексус;Nexus;Nexus;Galaxy;Нексус;Нексус;Галакси;Нексус
Samsung;смартфон;Galaxy;Галакси;1;Samsung Galaxy Note;Самсунг Галакси Нот;Note;Note;Galaxy;Нот;Нот;Галакси;Ноте
Samsung;смартфон;Galaxy;Галакси;1;Samsung Galaxy Note 2;Самсунг Галакси Нот 2;Note 2;Note;Galaxy;Нот 2;Нот;Галакси;Ноте 2
Samsung;смартфон;Galaxy;Галакси;1;Samsung Galaxy Note 3;Самсунг Галакси Нот 3;Note 3;Note;Galaxy;Нот 3;Нот;Галакси;Ноте 3
Samsung;смартфон;Galaxy;Галакси;1;Samsung Galaxy Note 3 Neo;Самсунг Галакси Нот 3 Нео;Note 3 Neo;Note;Galaxy;Нот 3 Нео;Нот;Галакси;Ноте 3 Нео
Samsung;смартфон;Galaxy;Галакси;1;Samsung Galaxy Note 4;Самсунг Галакси Нот 4;Note 4;Note;Galaxy;Нот 4;Нот;Галакси;Ноте 4
Samsung;смартфон;Galaxy;Галакси;1;Samsung Galaxy Note 5;Самсунг Галакси Нот 5;Note 5;Note;Galaxy;Нот 5;Нот;Галакси;Ноте 5
Samsung;смартфон;Galaxy;Галакси;1;Samsung Galaxy Note 7;Самсунг Галакси Нот 7;Note 7;Note;Galaxy;Нот 7;Нот;Галакси;Ноте 7
Samsung;смартфон;Galaxy;Галакси;1;Samsung Galaxy Note Edge;Самсунг Галакси Нот Эдж;Note Edge;Note;Galaxy;Нот Эдж;Нот;Галакси;Ноте Эйдж
Samsung;смартфон;Galaxy;Галакси;1;Samsung Galaxy Note N7000;Самсунг Галакси Нот Н7000;Note N7000;Note;Galaxy;Нот Н7000;Нот;Галакси;Ноте Н7000
Samsung;смартфон;Galaxy;Галакси;1;Samsung Galaxy Pocket Duos;Самсунг Галакси Покет Дуос;Pocket Duos;Pocket;Galaxy;Покет Дуос;Покет;Галакси;Покет Дуос
Samsung;смартфон;Galaxy;Галакси;1;Samsung Galaxy Pocket Neo;Самсунг Галакси Покет Нео;Pocket Neo;Pocket;Galaxy;Покет Нео;Покет;Галакси;Покет Нео
Samsung;смартфон;Galaxy;Галакси;1;Samsung Galaxy Pocket Neo Duos;Самсунг Галакси Покет Нео Дуос;Pocket Neo Duos;Pocket;Galaxy;Покет Нео Дуос;Покет;Галакси;Покет Нео Дуос
Samsung;смартфон;Galaxy;Галакси;1;Samsung Galaxy Premier;Самсунг Галакси Премьер;Premier;Premier;Galaxy;Премьер;Премьер;Галакси;Премьер
Samsung;смартфон;Galaxy;Галакси;1;Samsung Galaxy Pro;Самсунг Галакси Про;Pro;Pro;Galaxy;Про;Про;Галакси;Про
Samsung;смартфон;Galaxy;Галакси;1;Samsung Galaxy R;Самсунг Галакси Р;R;R;Galaxy;Р;Р;Галакси;Р
Samsung;смартфон;Galaxy;Галакси;1;Samsung Galaxy S;Самсунг Галакси С;S;S;Galaxy;С;С;Галакси;С
Samsung;смартфон;Galaxy;Галакси;1;Samsung Galaxy S Advance;Самсунг Галакси С Адванс;S Advance;S;Galaxy;С Адванс;С;Галакси;С Адванс
Samsung;смартфон;Galaxy;Галакси;1;Samsung Galaxy S Duos;Самсунг Галакси С Дуос;S Duos;S;Galaxy;С Дуос;С;Галакси;С Дуос
Samsung;смартфон;Galaxy;Галакси;1;Samsung Galaxy S Duos LaFleur;Самсунг Галакси С Дуос Ля Флер;S Duos LaFleur;S;Galaxy;С Дуос Ля Флер;С;Галакси;С Дуос Ла Флер
Samsung;смартфон;Galaxy;Галакси;1;Samsung Galaxy S Plus;Самсунг Галакси С Плюс;S Plus;S;Galaxy;С Плюс;С;Галакси;С Плюс
Samsung;смартфон;Galaxy;Галакси;1;Samsung Galaxy S2;Самсунг Галакси С2;S2;S;Galaxy;С2;С;Галакси;С 2
Samsung;смартфон;Galaxy;Галакси;1;Samsung Galaxy S2 Plus;Самсунг Галакси С2 Плюс;S2 Plus;S;Galaxy;С2 Плюс;С;Галакси;С 2 Плюс
Samsung;смартфон;Galaxy;Галакси;1;Samsung Galaxy S3;Самсунг Галакси С3;S3;S;Galaxy;С3;С;Галакси;С 3
Samsung;смартфон;Galaxy;Галакси;1;Samsung Galaxy S3 Duos;Самсунг Галакси С3 Дуос;S3 Duos;S;Galaxy;С3 Дуос;С;Галакси;С 3 Дуос
Samsung;смартфон;Galaxy;Галакси;1;Samsung Galaxy S3 LaFleur;Самсунг Галакси С3 Ля Флер;S3 LaFleur;S;Galaxy;С3 Ля Флер;С;Галакси;С 3 Ля Флер
Samsung;смартфон;Galaxy;Галакси;1;Samsung Galaxy S3 mini;Самсунг Галакси С3 Мини;S3 mini;S;Galaxy;С3 Мини;С;Галакси;С 3 Мини
Samsung;смартфон;Galaxy;Галакси;1;Samsung Galaxy S3 mini LaFleur;Самсунг Галакси С3 Мини Ля Флер;S3 mini LaFleur;S;Galaxy;С3 Мини Ля Флер;С;Галакси;С 3 Мини Ля Флер
Samsung;смартфон;Galaxy;Галакси;1;Samsung Galaxy S3 Neo;Самсунг Галакси С3 Нео;S3 Neo;S;Galaxy;С3 Нео;С;Галакси;С 3 Нео
Samsung;смартфон;Galaxy;Галакси;1;Samsung Galaxy S4;Самсунг Галакси С4;S4;S;Galaxy;С4;С;Галакси;С 4
Samsung;смартфон;Galaxy;Галакси;1;Samsung Galaxy S4 Active;Самсунг Галакси С4 Актив;S4 Active;S;Galaxy;С4 Актив;С;Галакси;С 4 Актив
Samsung;смартфон;Galaxy;Галакси;1;Samsung Galaxy S4 LTE;Самсунг Галакси С4 ЛТЕ;S4 LTE;S;Galaxy;С4 ЛТЕ;С;Галакси;С 4 ЛТЕ
Samsung;смартфон;Galaxy;Галакси;1;Samsung Galaxy S4 mini;Самсунг Галакси С4 Мини;S4 mini;S;Galaxy;С4 Мини;С;Галакси;С 4 Мини
Samsung;смартфон;Galaxy;Галакси;1;Samsung Galaxy S4 mini Duos;Самсунг Галакси С4 Мини Дуос;S4 mini Duos;S;Galaxy;С4 Мини Дуос;С;Галакси;С 4 Мини Дуос
Samsung;смартфон;Galaxy;Галакси;1;Samsung Galaxy S4 Zoom;Самсунг Галакси С4 Зум;S4 Zoom;S;Galaxy;С4 Зум;С;Галакси;С 4 Зум
Samsung;смартфон;Galaxy;Галакси;1;Samsung Galaxy S5;Самсунг Галакси С5;S5;S;Galaxy;С5;С;Галакси;С 5
Samsung;смартфон;Galaxy;Галакси;1;Samsung Galaxy S5 Duos;Самсунг Галакси С5 Дуос;S5 Duos;S;Galaxy;С5 Дуос;С;Галакси;С 5 Дуос
Samsung;смартфон;Galaxy;Галакси;1;Samsung Galaxy S5 mini;Самсунг Галакси С5 Мини;S5 mini;S;Galaxy;С5 Мини;С;Галакси;С 5 Мини
Samsung;смартфон;Galaxy;Галакси;1;Samsung Galaxy S6;Самсунг Галакси С6;S6;S;Galaxy;С6;С;Галакси;С 6
Samsung;смартфон;Galaxy;Галакси;1;Samsung Galaxy S6 Duos;Самсунг Галакси С6 Дуос;S6 Duos;S;Galaxy;С6 Дуос;С;Галакси;С 6 Дуос
Samsung;смартфон;Galaxy;Галакси;1;Samsung Galaxy S6 Edge;Самсунг Галакси С6 Эдж;S6 Edge;S;Galaxy;С6 Эдж;С;Галакси;С 6 Эйдж
Samsung;смартфон;Galaxy;Галакси;1;Samsung Galaxy S6 Edge Plus;Самсунг Галакси С6 Эдж Плюс;S6 Edge Plus;S;Galaxy;С6 Эдж Плюс;С;Галакси;С 6 Эйдж Плюс
Samsung;смартфон;Galaxy;Галакси;1;Samsung Galaxy S7;Самсунг Галакси С7;S7;S;Galaxy;С7;С;Галакси;С 7
Samsung;смартфон;Galaxy;Галакси;1;Samsung Galaxy S7 Edge;Самсунг Галакси С7 Эдж;S7 Edge;S;Galaxy;С7 Эдж;С;Галакси;С 7 Эйдж
Samsung;смартфон;Galaxy;Галакси;1;Samsung Galaxy Star;Самсунг Галакси Стар;Star;Star;Galaxy;Стар;Стар;Галакси;Стар
Samsung;смартфон;Galaxy;Галакси;1;Samsung Galaxy Star Advance;Самсунг Галакси Стар Адванс;Star Advance;Star;Galaxy;Стар Адванс;Стар;Галакси;Стар Адванс
Samsung;смартфон;Galaxy;Галакси;1;Samsung Galaxy Star Plus;Самсунг Галакси Стар Плюс;Star Plus;Star;Galaxy;Стар Плюс;Стар;Галакси;Стар Плюс
Samsung;смартфон;Galaxy;Галакси;1;Samsung Galaxy Trend;Самсунг Галакси Тренд;Trend;Trend;Galaxy;Тренд;Тренд;Галакси;Тренд
Samsung;смартфон;Galaxy;Галакси;1;Samsung Galaxy Trend Duos;Самсунг Галакси Тренд Дуос;Trend Duos;Trend;Galaxy;Тренд Дуос;Тренд;Галакси;Тренд Дуос
Samsung;смартфон;Galaxy;Галакси;1;Samsung Galaxy W;Самсунг Галакси В;W;W;Galaxy;В;В;Галакси;В
Samsung;смартфон;Galaxy;Галакси;1;Samsung Galaxy Win;Самсунг Галакси Вин;Win;Win;Galaxy;Вин;Вин;Галакси;Вин
Samsung;смартфон;Galaxy;Галакси;1;Samsung Galaxy xCover;Самсунг Галакси х Ковер;xCover;x;Galaxy;х Ковер;Х;Галакси;х Ковер
Samsung;смартфон;Galaxy;Галакси;1;Samsung Galaxy xCover 2;Самсунг Галакси х Ковер;xCover;x;Galaxy;х Ковер;Х;Галакси;х Ковер
Samsung;смартфон;Galaxy;Галакси;1;Samsung Galaxy Y;Самсунг Галакси У;Y;Y;Galaxy;У;У;Галакси;У
Samsung;смартфон;Galaxy;Галакси;1;Samsung Galaxy Y Duos;Самсунг Галакси У Дуос;Y Duos;Y;Galaxy;У Дуос;У;Галакси;У Дуос
Samsung;смартфон;Galaxy;Галакси;1;Samsung Galaxy Young;Самсунг Галакси Янг;Young;Young;Galaxy;Янг;Янг;Галакси;Янг
Samsung;планшет;Galaxy;Галакси;1;Samsung Galaxy Mega 6.3;Самсунг Галакси Мега 6.3;Mega 6.3;Mega;Galaxy;Мега 6.3;Мега;Галакси;Мега 6-3
Samsung;планшет;Galaxy;Галакси;1;Samsung Galaxy Note 10.1;Самсунг Галакси Нот 10.1;Note 10.1;Note;Galaxy;Нот 10.1;Нот;Галакси;Нот 10-1
Samsung;планшет;Galaxy;Галакси;1;Samsung Galaxy Note 8.0;Самсунг Галакси Нот 8.0;Note 8.0;Note;Galaxy;Нот 8.0;Нот;Галакси;Нот 8-0
Samsung;планшет;Galaxy;Галакси;1;Samsung Galaxy Note Pro 12.2;Самсунг Галакси Нот Про 12.2;Note Pro 12.2;Note;Galaxy;Нот Про 12.2;Нот;Галакси;Нот Про 12-2
Samsung;планшет;Galaxy;Галакси;1;Samsung Galaxy Tab 10.1;Самсунг Галакси Таб 10.1;Tab 10.1;Tab;Galaxy;Таб 10.1;Таб;Галакси;Таб 10-1
Samsung;планшет;Galaxy;Галакси;1;Samsung Galaxy Tab 2;Самсунг Галакси Таб 2;Tab 2;Tab;Galaxy;Таб 2;Таб;Галакси;Таб 2
Samsung;планшет;Galaxy;Галакси;1;Samsung Galaxy Tab 2 10.1;Самсунг Галакси Таб 2 10.1;Tab 2 10.1;Tab;Galaxy;Таб 2 10.1;Таб;Галакси;Таб 2 10-1
Samsung;планшет;Galaxy;Галакси;1;Samsung Galaxy Tab 2 7.0;Самсунг Галакси Таб 2 7.0;Tab 2 7.0;Tab;Galaxy;Таб 2 7.0;Таб;Галакси;Таб 2 7-0
Samsung;планшет;Galaxy;Галакси;1;Samsung Galaxy Tab 3;Самсунг Галакси Таб 3;Tab 3;Tab;Galaxy;Таб 3;Таб;Галакси;Таб 3
Samsung;планшет;Galaxy;Галакси;1;Samsung Galaxy Tab 3 10.1;Самсунг Галакси Таб 3 10.1;Tab 3 10.1;Tab;Galaxy;Таб 3 10.1;Таб;Галакси;Таб 3 10-1
Samsung;планшет;Galaxy;Галакси;1;Samsung Galaxy Tab 3 8.0;Самсунг Галакси Таб 3 8.0;Tab 3 8.0;Tab;Galaxy;Таб 3 8.0;Таб;Галакси;Таб 3 8-0
Samsung;планшет;Galaxy;Галакси;1;Samsung Galaxy Tab 3 Hello Kitty;Самсунг Галакси Таб 3 Китти;Tab 3 Hello Kitty;Tab;Galaxy;Таб 3 Китти;Таб;Галакси;Таб 3 Китти
Samsung;планшет;Galaxy;Галакси;1;Samsung Galaxy Tab 3 Lite 7.0;Самсунг Галакси Таб 3 Лайт 7.0;Tab 3 Lite 7.0;Tab;Galaxy;Таб 3 Лайт 7.0;Таб;Галакси;Таб 3 Лайт 7-0
Samsung;планшет;Galaxy;Галакси;1;Samsung Galaxy Tab 4;Самсунг Галакси Таб 4;Tab 4;Tab;Galaxy;Таб 4;Таб;Галакси;Таб 4
Samsung;планшет;Galaxy;Галакси;1;Samsung Galaxy Tab 4 7.0;Самсунг Галакси Таб 4 7.0;Tab 4 7.0;Tab;Galaxy;Таб 4 7.0;Таб;Галакси;Таб 4 7-0
Samsung;планшет;Galaxy;Галакси;1;Samsung Galaxy Tab 4 8.0;Самсунг Галакси Таб 4 8.0;Tab 4 8.0;Tab;Galaxy;Таб 4 8.0;Таб;Галакси;Таб 4 8-0
Samsung;планшет;Galaxy;Галакси;1;Samsung Galaxy Tab 7.0 Plus;Самсунг Галакси Таб 7.0 Плюс;Tab 7.0 Plus;Tab;Galaxy;Таб 7.0 Плюс;Таб;Галакси;Таб 7-0 Плюс
Samsung;планшет;Galaxy;Галакси;1;Samsung Galaxy Tab 7.7;Самсунг Галакси Таб 7.7;Tab 7.7;Tab;Galaxy;Таб 7.7;Таб;Галакси;Таб 7-7
Samsung;планшет;Galaxy;Галакси;1;Samsung Galaxy Tab 8.9;Самсунг Галакси Таб 8.9;Tab 8.9;Tab;Galaxy;Таб 8.9;Таб;Галакси;Таб 8-9
Samsung;планшет;Galaxy;Галакси;1;Samsung Galaxy Tab A;Самсунг Галакси Таб А;Tab A;Tab;Galaxy;Таб А;Таб;Галакси;Таб А
Samsung;планшет;Galaxy;Галакси;1;Samsung Galaxy Tab A 6.0;Самсунг Галакси Таб А 6.0;Tab A 6.0;Tab;Galaxy;Таб А 6.0;Таб;Галакси;Таб А 6-0
Samsung;планшет;Galaxy;Галакси;1;Samsung Galaxy Tab Active 8.0;Самсунг Галакси Таб Актив 8.0;Tab Active 8.0;Tab;Galaxy;Таб Актив 8.0;Таб;Галакси;Таб Актив 8-0
Samsung;планшет;Galaxy;Галакси;1;Samsung Galaxy Tab E;Самсунг Галакси Таб Е;Tab E;Tab;Galaxy;Таб Е;Таб;Галакси;Таб Е
Samsung;планшет;Galaxy;Галакси;1;Samsung Galaxy Tab P1000;Самсунг Галакси Таб П1000;Tab P1000;Tab;Galaxy;Таб П1000;Таб;Галакси;Таб Р 1000
Samsung;планшет;Galaxy;Галакси;1;Samsung Galaxy Tab P1010;Самсунг Галакси Таб П1010;Tab P1010;Tab;Galaxy;Таб П1010;Таб;Галакси;Таб Р 1010
Samsung;планшет;Galaxy;Галакси;1;Samsung Galaxy Tab Pro;Самсунг Галакси Таб Про;Tab Pro;Tab;Galaxy;Таб Про;Таб;Галакси;Таб Про
Samsung;планшет;Galaxy;Галакси;1;Samsung Galaxy Tab Pro 10.1;Самсунг Галакси Таб Про 10.1;Tab Pro 10.1;Tab;Galaxy;Таб Про 10.1;Таб;Галакси;Таб Про 10-1
Samsung;планшет;Galaxy;Галакси;1;Samsung Galaxy Tab Pro 8.4;Самсунг Галакси Таб Про 8.4;Tab Pro 8.4;Tab;Galaxy;Таб Про 8.4;Таб;Галакси;Таб Про 8-4
Samsung;планшет;Galaxy;Галакси;1;Samsung Galaxy Tab Pro S;Самсунг Галакси Таб Про С;Tab Pro S;Tab;Galaxy;Таб Про С;Таб;Галакси;Таб Про С
Samsung;планшет;Galaxy;Галакси;1;Samsung Galaxy Tab S;Самсунг Галакси Таб С;Tab S;Tab;Galaxy;Таб С;Таб;Галакси;Таб С
Samsung;планшет;Galaxy;Галакси;1;Samsung Galaxy Tab S 8.4;Самсунг Галакси Таб С 8.4;Tab S 8.4;Tab;Galaxy;Таб С 8.4;Таб;Галакси;Таб С 8-4
Samsung;планшет;Galaxy;Галакси;1;Samsung Galaxy Tab S2;Самсунг Галакси Таб С2;Tab S2;Tab;Galaxy;Таб С2;Таб;Галакси;Таб С 2
Samsung;планшет;Galaxy;Галакси;1;Samsung Galaxy Tab S2 8.0;Самсунг Галакси Таб С2 8.0;Tab S2 8.0;Tab;Galaxy;Таб С2 8.0;Таб;Галакси;Таб С 2 8-0
Samsung;планшет;Galaxy;Галакси;1;Samsung Galaxy Tab S2 9.7;Самсунг Галакси Таб С2 9.7;Tab S2 9.7;Tab;Galaxy;Таб С2 9.7;Таб;Галакси;Таб С 2 9-7
Samsung;планшет;Galaxy;Галакси;1;Samsung Galaxy View;Самсунг Галакси Вью;View;View;Galaxy;Вью;Вью;Галакси;Вью
Samsung;ноутбук;NP-series;Серия НП;0;Samsung NP100nzc;Самсунг NP-100nzc;NP100nzc;NP;NP;NP-100nzc;НП;НП;NP 100nzc
Samsung;ноутбук;NP-series;Серия НП;0;Samsung NP200a5b;Самсунг NP-200a5b;NP200a5b;NP;NP;NP-200a5b;НП;НП;NP 200a5b
Samsung;ноутбук;NP-series;Серия НП;0;Samsung NP270e;Самсунг NP-270e;NP270e;NP;NP;NP-270e;НП;НП;NP 270e
Samsung;ноутбук;NP-series;Серия НП;0;Samsung NP270e4e;Самсунг NP-270e4e;NP270e4e;NP;NP;NP-270e4e;НП;НП;NP 270e4e
Samsung;ноутбук;NP-series;Серия НП;0;Samsung NP270e5e;Самсунг NP-270e5e;NP270e5e;NP;NP;NP-270e5e;НП;НП;NP 270e5e
Samsung;ноутбук;NP-series;Серия НП;0;Samsung NP270e5e k01;Самсунг NP-270e5e k01;NP270e5e k01;NP;NP;NP-270e5e k01;НП;НП;NP 270e5e k01
Samsung;ноутбук;NP-series;Серия НП;0;Samsung NP270e5e k03;Самсунг NP-270e5e k03;NP270e5e k03;NP;NP;NP-270e5e k03;НП;НП;NP 270e5e k03
Samsung;ноутбук;NP-series;Серия НП;0;Samsung NP270e5v;Самсунг NP-270e5v;NP270e5v;NP;NP;NP-270e5v;НП;НП;NP 270e5v
Samsung;ноутбук;NP-series;Серия НП;0;Samsung NP300;Самсунг NP-300;NP300;NP;NP;NP-300;НП;НП;NP 300
Samsung;ноутбук;NP-series;Серия НП;0;Samsung NP300e;Самсунг NP-300e;NP300e;NP;NP;NP-300e;НП;НП;NP 300e
Samsung;ноутбук;NP-series;Серия НП;0;Samsung NP300e4a;Самсунг NP-300e4a;NP300e4a;NP;NP;NP-300e4a;НП;НП;NP 300e4a
Samsung;ноутбук;NP-series;Серия НП;0;Samsung NP300e4e;Самсунг NP-300e4e;NP300e4e;NP;NP;NP-300e4e;НП;НП;NP 300e4e
Samsung;ноутбук;NP-series;Серия НП;0;Samsung NP300e5;Самсунг NP-300e5;NP300e5;NP;NP;NP-300e5;НП;НП;NP 300e5
Samsung;ноутбук;NP-series;Серия НП;0;Samsung NP300e5a;Самсунг NP-300e5a;NP300e5a;NP;NP;NP-300e5a;НП;НП;NP 300e5a
Samsung;ноутбук;NP-series;Серия НП;0;Samsung NP300e5a a04;Самсунг NP-300e5a a04;NP300e5a a04;NP;NP;NP-300e5a a04;НП;НП;NP 300e5a a04
Samsung;ноутбук;NP-series;Серия НП;0;Samsung NP300e5a s03;Самсунг NP-300e5a s03;NP300e5a s03;NP;NP;NP-300e5a s03;НП;НП;NP 300e5a s03
Samsung;ноутбук;NP-series;Серия НП;0;Samsung NP300e5a s03ua;Самсунг NP-300e5a s03ua;NP300e5a s03ua;NP;NP;NP-300e5a s03ua;НП;НП;NP 300e5a s03ua
Samsung;ноутбук;NP-series;Серия НП;0;Samsung NP300e5a s06ru;Самсунг NP-300e5a s06ru;NP300e5a s06ru;NP;NP;NP-300e5a s06ru;НП;НП;NP 300e5a s06ru
Samsung;ноутбук;NP-series;Серия НП;0;Samsung NP300e5a s09;Самсунг NP-300e5a s09;NP300e5a s09;NP;NP;NP-300e5a s09;НП;НП;NP 300e5a s09
Samsung;ноутбук;NP-series;Серия НП;0;Samsung NP300e5a s0eru;Самсунг NP-300e5a s0eru;NP300e5a s0eru;NP;NP;NP-300e5a s0eru;НП;НП;NP 300e5a s0eru
Samsung;ноутбук;NP-series;Серия НП;0;Samsung NP300e5a s0hru;Самсунг NP-300e5a s0hru;NP300e5a s0hru;NP;NP;NP-300e5a s0hru;НП;НП;NP 300e5a s0hru
Samsung;ноутбук;NP-series;Серия НП;0;Samsung NP300e5c;Самсунг NP-300e5c;NP300e5c;NP;NP;NP-300e5c;НП;НП;NP 300e5c
Samsung;ноутбук;NP-series;Серия НП;0;Samsung NP300e5c a0d;Самсунг NP-300e5c a0d;NP300e5c a0d;NP;NP;NP-300e5c a0d;НП;НП;NP 300e5c a0d
Samsung;ноутбук;NP-series;Серия НП;0;Samsung NP300e5c s0h;Самсунг NP-300e5c s0h;NP300e5c s0h;NP;NP;NP-300e5c s0h;НП;НП;NP 300e5c s0h
Samsung;ноутбук;NP-series;Серия НП;0;Samsung NP300e5c s0hru;Самсунг NP-300e5c s0hru;NP300e5c s0hru;NP;NP;NP-300e5c s0hru;НП;НП;NP 300e5c s0hru
Samsung;ноутбук;NP-series;Серия НП;0;Samsung NP300e5c s0uru;Самсунг NP-300e5c s0uru;NP300e5c s0uru;NP;NP;NP-300e5c s0uru;НП;НП;NP 300e5c s0uru
Samsung;ноутбук;NP-series;Серия НП;0;Samsung NP300e5c u02;Самсунг NP-300e5c u02;NP300e5c u02;NP;NP;NP-300e5c u02;НП;НП;NP 300e5c u02
Samsung;ноутбук;NP-series;Серия НП;0;Samsung NP300e5c u02ru;Самсунг NP-300e5c u02ru;NP300e5c u02ru;NP;NP;NP-300e5c u02ru;НП;НП;NP 300e5c u02ru
Samsung;ноутбук;NP-series;Серия НП;0;Samsung NP300e5e;Самсунг NP-300e5e;NP300e5e;NP;NP;NP-300e5e;НП;НП;NP 300e5e
Samsung;ноутбук;NP-series;Серия НП;0;Samsung NP300e5v;Самсунг NP-300e5v;NP300e5v;NP;NP;NP-300e5v;НП;НП;NP 300e5v
Samsung;ноутбук;NP-series;Серия НП;0;Samsung NP300e5x;Самсунг NP-300e5x;NP300e5x;NP;NP;NP-300e5x;НП;НП;NP 300e5x
Samsung;ноутбук;NP-series;Серия НП;0;Samsung NP300e5x s07;Самсунг NP-300e5x s07;NP300e5x s07;NP;NP;NP-300e5x s07;НП;НП;NP 300e5x s07
Samsung;ноутбук;NP-series;Серия НП;0;Samsung NP300e5x u01ru;Самсунг NP-300e5x u01ru;NP300e5x u01ru;NP;NP;NP-300e5x u01ru;НП;НП;NP 300e5x u01ru
Samsung;ноутбук;NP-series;Серия НП;0;Samsung NP300e5z;Самсунг NP-300e5z;NP300e5z;NP;NP;NP-300e5z;НП;НП;NP 300e5z
Samsung;ноутбук;NP-series;Серия НП;0;Samsung NP300e5z a06ru;Самсунг NP-300e5z a06ru;NP300e5z a06ru;NP;NP;NP-300e5z a06ru;НП;НП;NP 300e5z a06ru
Samsung;ноутбук;NP-series;Серия НП;0;Samsung NP300e5z s03;Самсунг NP-300e5z s03;NP300e5z s03;NP;NP;NP-300e5z s03;НП;НП;NP 300e5z s03
Samsung;ноутбук;NP-series;Серия НП;0;Samsung NP300e7a;Самсунг NP-300e7a;NP300e7a;NP;NP;NP-300e7a;НП;НП;NP 300e7a
Samsung;ноутбук;NP-series;Серия НП;0;Samsung NP300e7a s02ru;Самсунг NP-300e7a s02ru;NP300e7a s02ru;NP;NP;NP-300e7a s02ru;НП;НП;NP 300e7a s02ru
Samsung;ноутбук;NP-series;Серия НП;0;Samsung NP300e7a s05;Самсунг NP-300e7a s05;NP300e7a s05;NP;NP;NP-300e7a s05;НП;НП;NP 300e7a s05
Samsung;ноутбук;NP-series;Серия НП;0;Samsung NP300e7a s0bru;Самсунг NP-300e7a s0bru;NP300e7a s0bru;NP;NP;NP-300e7a s0bru;НП;НП;NP 300e7a s0bru
Samsung;ноутбук;NP-series;Серия НП;0;Samsung NP300e7z;Самсунг NP-300e7z;NP300e7z;NP;NP;NP-300e7z;НП;НП;NP 300e7z
Samsung;ноутбук;NP-series;Серия НП;0;Samsung NP300e7z s02;Самсунг NP-300e7z s02;NP300e7z s02;NP;NP;NP-300e7z s02;НП;НП;NP 300e7z s02
Samsung;ноутбук;NP-series;Серия НП;0;Samsung NP300u1a;Самсунг NP-300u1a;NP300u1a;NP;NP;NP-300u1a;НП;НП;NP 300u1a
Samsung;ноутбук;NP-series;Серия НП;0;Samsung NP300u1a a0b;Самсунг NP-300u1a a0b;NP300u1a a0b;NP;NP;NP-300u1a a0b;НП;НП;NP 300u1a a0b
Samsung;ноутбук;NP-series;Серия НП;0;Samsung NP300u1a a0bru;Самсунг NP-300u1a a0bru;NP300u1a a0bru;NP;NP;NP-300u1a a0bru;НП;НП;NP 300u1a a0bru
Samsung;ноутбук;NP-series;Серия НП;0;Samsung NP300v;Самсунг NP-300v;NP300v;NP;NP;NP-300v;НП;НП;NP 300v
Samsung;ноутбук;NP-series;Серия НП;0;Samsung NP300v3a;Самсунг NP-300v3a;NP300v3a;NP;NP;NP-300v3a;НП;НП;NP 300v3a
Samsung;ноутбук;NP-series;Серия НП;0;Samsung NP300v4a;Самсунг NP-300v4a;NP300v4a;NP;NP;NP-300v4a;НП;НП;NP 300v4a
Samsung;ноутбук;NP-series;Серия НП;0;Samsung NP300v5a;Самсунг NP-300v5a;NP300v5a;NP;NP;NP-300v5a;НП;НП;NP 300v5a
Samsung;ноутбук;NP-series;Серия НП;0;Samsung NP300v5a s04ru;Самсунг NP-300v5a s04ru;NP300v5a s04ru;NP;NP;NP-300v5a s04ru;НП;НП;NP 300v5a s04ru
Samsung;ноутбук;NP-series;Серия НП;0;Samsung NP300v5a s0uru;Самсунг NP-300v5a s0uru;NP300v5a s0uru;NP;NP;NP-300v5a s0uru;НП;НП;NP 300v5a s0uru
Samsung;ноутбук;NP-series;Серия НП;0;Samsung NP300v5a s0vru;Самсунг NP-300v5a s0vru;NP300v5a s0vru;NP;NP;NP-300v5a s0vru;НП;НП;NP 300v5a s0vru
Samsung;ноутбук;NP-series;Серия НП;0;Samsung NP300v5a s16;Самсунг NP-300v5a s16;NP300v5a s16;NP;NP;NP-300v5a s16;НП;НП;NP 300v5a s16
Samsung;ноутбук;NP-series;Серия НП;0;Samsung NP300v5a s18;Самсунг NP-300v5a s18;NP300v5a s18;NP;NP;NP-300v5a s18;НП;НП;NP 300v5a s18
Samsung;ноутбук;NP-series;Серия НП;0;Samsung NP300v5a s19;Самсунг NP-300v5a s19;NP300v5a s19;NP;NP;NP-300v5a s19;НП;НП;NP 300v5a s19
Samsung;ноутбук;NP-series;Серия НП;0;Samsung NP300v5a s1a;Самсунг NP-300v5a s1a;NP300v5a s1a;NP;NP;NP-300v5a s1a;НП;НП;NP 300v5a s1a
Samsung;ноутбук;NP-series;Серия НП;0;Samsung NP300v5a s1b;Самсунг NP-300v5a s1b;NP300v5a s1b;NP;NP;NP-300v5a s1b;НП;НП;NP 300v5a s1b
Samsung;ноутбук;NP-series;Серия НП;0;Samsung NP300v5z;Самсунг NP-300v5z;NP300v5z;NP;NP;NP-300v5z;НП;НП;NP 300v5z
Samsung;ноутбук;NP-series;Серия НП;0;Samsung NP305;Самсунг NP-305;NP305;NP;NP;NP-305;НП;НП;NP 305
Samsung;ноутбук;NP-series;Серия НП;0;Samsung NP305e;Самсунг NP-305e;NP305e;NP;NP;NP-305e;НП;НП;NP 305e
Samsung;ноутбук;NP-series;Серия НП;0;Samsung NP305e5a;Самсунг NP-305e5a;NP305e5a;NP;NP;NP-305e5a;НП;НП;NP 305e5a
Samsung;ноутбук;NP-series;Серия НП;0;Samsung NP305e5a s06ru;Самсунг NP-305e5a s06ru;NP305e5a s06ru;NP;NP;NP-305e5a s06ru;НП;НП;NP 305e5a s06ru
Samsung;ноутбук;NP-series;Серия НП;0;Samsung NP305e5z;Самсунг NP-305e5z;NP305e5z;NP;NP;NP-305e5z;НП;НП;NP 305e5z
Samsung;ноутбук;NP-series;Серия НП;0;Samsung NP305e7a;Самсунг NP-305e7a;NP305e7a;NP;NP;NP-305e7a;НП;НП;NP 305e7a
Samsung;ноутбук;NP-series;Серия НП;0;Samsung NP305u1a;Самсунг NP-305u1a;NP305u1a;NP;NP;NP-305u1a;НП;НП;NP 305u1a
Samsung;ноутбук;NP-series;Серия НП;0;Samsung NP305u1a a04ru;Самсунг NP-305u1a a04ru;NP305u1a a04ru;NP;NP;NP-305u1a a04ru;НП;НП;NP 305u1a a04ru
Samsung;ноутбук;NP-series;Серия НП;0;Samsung NP305u1a a05ru;Самсунг NP-305u1a a05ru;NP305u1a a05ru;NP;NP;NP-305u1a a05ru;НП;НП;NP 305u1a a05ru
Samsung;ноутбук;NP-series;Серия НП;0;Samsung NP305u1z;Самсунг NP-305u1z;NP305u1z;NP;NP;NP-305u1z;НП;НП;NP 305u1z
Samsung;ноутбук;NP-series;Серия НП;0;Samsung NP305v;Самсунг NP-305v;NP305v;NP;NP;NP-305v;НП;НП;NP 305v
Samsung;ноутбук;NP-series;Серия НП;0;Samsung NP305v5a;Самсунг NP-305v5a;NP305v5a;NP;NP;NP-305v5a;НП;НП;NP 305v5a
Samsung;ноутбук;NP-series;Серия НП;0;Samsung NP305v5a s0aru;Самсунг NP-305v5a s0aru;NP305v5a s0aru;NP;NP;NP-305v5a s0aru;НП;НП;NP 305v5a s0aru
Samsung;ноутбук;NP-series;Серия НП;0;Samsung NP305v5a t09;Самсунг NP-305v5a t09;NP305v5a t09;NP;NP;NP-305v5a t09;НП;НП;NP 305v5a t09
Samsung;ноутбук;NP-series;Серия НП;0;Samsung NP305v5ad;Самсунг NP-305v5ad;NP305v5ad;NP;NP;NP-305v5ad;НП;НП;NP 305v5ad
Samsung;ноутбук;NP-series;Серия НП;0;Samsung NP305v5z;Самсунг NP-305v5z;NP305v5z;NP;NP;NP-305v5z;НП;НП;NP 305v5z
Samsung;ноутбук;NP-series;Серия НП;0;Samsung NP305vsa;Самсунг NP-305vsa;NP305vsa;NP;NP;NP-305vsa;НП;НП;NP 305vsa
Samsung;ноутбук;NP-series;Серия НП;0;Samsung NP310e5c;Самсунг NP-310e5c;NP310e5c;NP;NP;NP-310e5c;НП;НП;NP 310e5c
Samsung;ноутбук;NP-series;Серия НП;0;Samsung NP350;Самсунг NP-350;NP350;NP;NP;NP-350;НП;НП;NP 350
Samsung;ноутбук;NP-series;Серия НП;0;Samsung NP350e;Самсунг NP-350e;NP350e;NP;NP;NP-350e;НП;НП;NP 350e
Samsung;ноутбук;NP-series;Серия НП;0;Samsung NP350e5c;Самсунг NP-350e5c;NP350e5c;NP;NP;NP-350e5c;НП;НП;NP 350e5c
Samsung;ноутбук;NP-series;Серия НП;0;Samsung NP350e5c s0aru;Самсунг NP-350e5c s0aru;NP350e5c s0aru;NP;NP;NP-350e5c s0aru;НП;НП;NP 350e5c s0aru
Samsung;ноутбук;NP-series;Серия НП;0;Samsung NP350e7c;Самсунг NP-350e7c;NP350e7c;NP;NP;NP-350e7c;НП;НП;NP 350e7c
Samsung;ноутбук;NP-series;Серия НП;0;Samsung NP350e7x;Самсунг NP-350e7x;NP350e7x;NP;NP;NP-350e7x;НП;НП;NP 350e7x
Samsung;ноутбук;NP-series;Серия НП;0;Samsung NP350u2a;Самсунг NP-350u2a;NP350u2a;NP;NP;NP-350u2a;НП;НП;NP 350u2a
Samsung;ноутбук;NP-series;Серия НП;0;Samsung NP350u2b;Самсунг NP-350u2b;NP350u2b;NP;NP;NP-350u2b;НП;НП;NP 350u2b
Samsung;ноутбук;NP-series;Серия НП;0;Samsung NP350u2y;Самсунг NP-350u2y;NP350u2y;NP;NP;NP-350u2y;НП;НП;NP 350u2y
Samsung;ноутбук;NP-series;Серия НП;0;Samsung NP350u5c;Самсунг NP-350u5c;NP350u5c;NP;NP;NP-350u5c;НП;НП;NP 350u5c
Samsung;ноутбук;NP-series;Серия НП;0;Samsung NP350usc;Самсунг NP-350usc;NP350usc;NP;NP;NP-350usc;НП;НП;NP 350usc
Samsung;ноутбук;NP-series;Серия НП;0;Samsung NP350v;Самсунг NP-350v;NP350v;NP;NP;NP-350v;НП;НП;NP 350v
Samsung;ноутбук;NP-series;Серия НП;0;Samsung NP350v5c;Самсунг NP-350v5c;NP350v5c;NP;NP;NP-350v5c;НП;НП;NP 350v5c
Samsung;ноутбук;NP-series;Серия НП;0;Samsung NP350v5c s09ru;Самсунг NP-350v5c s09ru;NP350v5c s09ru;NP;NP;NP-350v5c s09ru;НП;НП;NP 350v5c s09ru
Samsung;ноутбук;NP-series;Серия НП;0;Samsung NP350v5c s0uru;Самсунг NP-350v5c s0uru;NP350v5c s0uru;NP;NP;NP-350v5c s0uru;НП;НП;NP 350v5c s0uru
Samsung;ноутбук;NP-series;Серия НП;0;Samsung NP350v5c s1jru;Самсунг NP-350v5c s1jru;NP350v5c s1jru;NP;NP;NP-350v5c s1jru;НП;НП;NP 350v5c s1jru
Samsung;ноутбук;NP-series;Серия НП;0;Samsung NP350v5x;Самсунг NP-350v5x;NP350v5x;NP;NP;NP-350v5x;НП;НП;NP 350v5x
Samsung;ноутбук;NP-series;Серия НП;0;Samsung NP355;Самсунг NP-355;NP355;NP;NP;NP-355;НП;НП;NP 355
Samsung;ноутбук;NP-series;Серия НП;0;Samsung NP355e5c;Самсунг NP-355e5c;NP355e5c;NP;NP;NP-355e5c;НП;НП;NP 355e5c
Samsung;ноутбук;NP-series;Серия НП;0;Samsung NP355e5c a04ru;Самсунг NP-355e5c a04ru;NP355e5c a04ru;NP;NP;NP-355e5c a04ru;НП;НП;NP 355e5c a04ru
Samsung;ноутбук;NP-series;Серия НП;0;Samsung NP355e5c s02ru;Самсунг NP-355e5c s02ru;NP355e5c s02ru;NP;NP;NP-355e5c s02ru;НП;НП;NP 355e5c s02ru
Samsung;ноутбук;NP-series;Серия НП;0;Samsung NP355e5c s05ru;Самсунг NP-355e5c s05ru;NP355e5c s05ru;NP;NP;NP-355e5c s05ru;НП;НП;NP 355e5c s05ru
Samsung;ноутбук;NP-series;Серия НП;0;Samsung NP355e5x;Самсунг NP-355e5x;NP355e5x;NP;NP;NP-355e5x;НП;НП;NP 355e5x
Samsung;ноутбук;NP-series;Серия НП;0;Samsung NP355e5x a01;Самсунг NP-355e5x a01;NP355e5x a01;NP;NP;NP-355e5x a01;НП;НП;NP 355e5x a01
Samsung;ноутбук;NP-series;Серия НП;0;Samsung NP355u4c;Самсунг NP-355u4c;NP355u4c;NP;NP;NP-355u4c;НП;НП;NP 355u4c
Samsung;ноутбук;NP-series;Серия НП;0;Samsung NP355u4c 901ru;Самсунг NP-355u4c 901ru;NP355u4c 901ru;NP;NP;NP-355u4c 901ru;НП;НП;NP 355u4c 901ru
Samsung;ноутбук;NP-series;Серия НП;0;Samsung NP355u5c;Самсунг NP-355u5c;NP355u5c;NP;NP;NP-355u5c;НП;НП;NP 355u5c
Samsung;ноутбук;NP-series;Серия НП;0;Samsung NP355usc;Самсунг NP-355usc;NP355usc;NP;NP;NP-355usc;НП;НП;NP 355usc
Samsung;ноутбук;NP-series;Серия НП;0;Samsung NP355v;Самсунг NP-355v;NP355v;NP;NP;NP-355v;НП;НП;NP 355v
Samsung;ноутбук;NP-series;Серия НП;0;Samsung NP355v4c;Самсунг NP-355v4c;NP355v4c;NP;NP;NP-355v4c;НП;НП;NP 355v4c
Samsung;ноутбук;NP-series;Серия НП;0;Samsung NP355v4c s01ru;Самсунг NP-355v4c s01ru;NP355v4c s01ru;NP;NP;NP-355v4c s01ru;НП;НП;NP 355v4c s01ru
Samsung;ноутбук;NP-series;Серия НП;0;Samsung NP355v5c;Самсунг NP-355v5c;NP355v5c;NP;NP;NP-355v5c;НП;НП;NP 355v5c
Samsung;ноутбук;NP-series;Серия НП;0;Samsung NP355v5c a01ru;Самсунг NP-355v5c a01ru;NP355v5c a01ru;NP;NP;NP-355v5c a01ru;НП;НП;NP 355v5c a01ru
Samsung;ноутбук;NP-series;Серия НП;0;Samsung NP355v5c s0eru;Самсунг NP-355v5c s0eru;NP355v5c s0eru;NP;NP;NP-355v5c s0eru;НП;НП;NP 355v5c s0eru
Samsung;ноутбук;NP-series;Серия НП;0;Samsung NP355v5c s0l;Самсунг NP-355v5c s0l;NP355v5c s0l;NP;NP;NP-355v5c s0l;НП;НП;NP 355v5c s0l
Samsung;ноутбук;NP-series;Серия НП;0;Samsung NP355v5x;Самсунг NP-355v5x;NP355v5x;NP;NP;NP-355v5x;НП;НП;NP 355v5x
Samsung;ноутбук;NP-series;Серия НП;0;Samsung NP3570r;Самсунг NP-3570r;NP3570r;NP;NP;NP-3570r;НП;НП;NP 3570r
Samsung;ноутбук;NP-series;Серия НП;0;Samsung NP370r;Самсунг NP-370r;NP370r;NP;NP;NP-370r;НП;НП;NP 370r
Samsung;ноутбук;NP-series;Серия НП;0;Samsung NP370r5e;Самсунг NP-370r5e;NP370r5e;NP;NP;NP-370r5e;НП;НП;NP 370r5e
Samsung;ноутбук;NP-series;Серия НП;0;Samsung NP370r5e s02ru;Самсунг NP-370r5e s02ru;NP370r5e s02ru;NP;NP;NP-370r5e s02ru;НП;НП;NP 370r5e s02ru
Samsung;ноутбук;NP-series;Серия НП;0;Samsung NP370r5e s06ru;Самсунг NP-370r5e s06ru;NP370r5e s06ru;NP;NP;NP-370r5e s06ru;НП;НП;NP 370r5e s06ru
Samsung;ноутбук;NP-series;Серия НП;0;Samsung NP370r5e s09;Самсунг NP-370r5e s09;NP370r5e s09;NP;NP;NP-370r5e s09;НП;НП;NP 370r5e s09
Samsung;ноутбук;NP-series;Серия НП;0;Samsung NP400b5b;Самсунг NP-400b5b;NP400b5b;NP;NP;NP-400b5b;НП;НП;NP 400b5b
Samsung;ноутбук;NP-series;Серия НП;0;Samsung NP410;Самсунг NP-410;NP410;NP;NP;NP-410;НП;НП;NP 410
Samsung;ноутбук;NP-series;Серия НП;0;Samsung NP425;Самсунг NP-425;NP425;NP;NP;NP-425;НП;НП;NP 425
Samsung;ноутбук;NP-series;Серия НП;0;Samsung NP428;Самсунг NP-428;NP428;NP;NP;NP-428;НП;НП;NP 428
Samsung;ноутбук;NP-series;Серия НП;0;Samsung NP450r;Самсунг NP-450r;NP450r;NP;NP;NP-450r;НП;НП;NP 450r
Samsung;ноутбук;NP-series;Серия НП;0;Samsung NP450r4e;Самсунг NP-450r4e;NP450r4e;NP;NP;NP-450r4e;НП;НП;NP 450r4e
Samsung;ноутбук;NP-series;Серия НП;0;Samsung NP450r5e;Самсунг NP-450r5e;NP450r5e;NP;NP;NP-450r5e;НП;НП;NP 450r5e
Samsung;ноутбук;NP-series;Серия НП;0;Samsung NP450r5e x01;Самсунг NP-450r5e x01;NP450r5e x01;NP;NP;NP-450r5e x01;НП;НП;NP 450r5e x01
Samsung;ноутбук;NP-series;Серия НП;0;Samsung NP450r5e x03;Самсунг NP-450r5e x03;NP450r5e x03;NP;NP;NP-450r5e x03;НП;НП;NP 450r5e x03
Samsung;ноутбук;NP-series;Серия НП;0;Samsung NP450r5e x04ru;Самсунг NP-450r5e x04ru;NP450r5e x04ru;NP;NP;NP-450r5e x04ru;НП;НП;NP 450r5e x04ru
Samsung;ноутбук;NP-series;Серия НП;0;Samsung NP470r4e;Самсунг NP-470r4e;NP470r4e;NP;NP;NP-470r4e;НП;НП;NP 470r4e
Samsung;ноутбук;NP-series;Серия НП;0;Samsung NP470r5e;Самсунг NP-470r5e;NP470r5e;NP;NP;NP-470r5e;НП;НП;NP 470r5e
Samsung;ноутбук;NP-series;Серия НП;0;Samsung NP470r5e x01;Самсунг NP-470r5e x01;NP470r5e x01;NP;NP;NP-470r5e x01;НП;НП;NP 470r5e x01
Samsung;ноутбук;NP-series;Серия НП;0;Samsung NP470r5e x01ru;Самсунг NP-470r5e x01ru;NP470r5e x01ru;NP;NP;NP-470r5e x01ru;НП;НП;NP 470r5e x01ru
Samsung;ноутбук;NP-series;Серия НП;0;Samsung NP5 series;Самсунг NP-5 series;NP5 series;NP;NP;NP-5 series;НП;НП;NP 5 series
Samsung;ноутбук;NP-series;Серия НП;0;Samsung NP500;Самсунг NP-500;NP500;NP;NP;NP-500;НП;НП;NP 500
Samsung;ноутбук;NP-series;Серия НП;0;Samsung NP510;Самсунг NP-510;NP510;NP;NP;NP-510;НП;НП;NP 510
Samsung;ноутбук;NP-series;Серия НП;0;Samsung NP510r5e;Самсунг NP-510r5e;NP510r5e;NP;NP;NP-510r5e;НП;НП;NP 510r5e
Samsung;ноутбук;NP-series;Серия НП;0;Samsung NP510r5e s04ru;Самсунг NP-510r5e s04ru;NP510r5e s04ru;NP;NP;NP-510r5e s04ru;НП;НП;NP 510r5e s04ru
Samsung;ноутбук;NP-series;Серия НП;0;Samsung NP510r5e s05ru;Самсунг NP-510r5e s05ru;NP510r5e s05ru;NP;NP;NP-510r5e s05ru;НП;НП;NP 510r5e s05ru
Samsung;ноутбук;NP-series;Серия НП;0;Samsung NP511;Самсунг NP-511;NP511;NP;NP;NP-511;НП;НП;NP 511
Samsung;ноутбук;NP-series;Серия НП;0;Samsung NP513;Самсунг NP-513;NP513;NP;NP;NP-513;НП;НП;NP 513
Samsung;ноутбук;NP-series;Серия НП;0;Samsung NP515;Самсунг NP-515;NP515;NP;NP;NP-515;НП;НП;NP 515
Samsung;ноутбук;NP-series;Серия НП;0;Samsung NP520;Самсунг NP-520;NP520;NP;NP;NP-520;НП;НП;NP 520
Samsung;ноутбук;NP-series;Серия НП;0;Samsung NP525;Самсунг NP-525;NP525;NP;NP;NP-525;НП;НП;NP 525
Samsung;ноутбук;NP-series;Серия НП;0;Samsung NP528;Самсунг NP-528;NP528;NP;NP;NP-528;НП;НП;NP 528
Samsung;ноутбук;NP-series;Серия НП;0;Samsung NP530;Самсунг NP-530;NP530;NP;NP;NP-530;НП;НП;NP 530
Samsung;ноутбук;NP-series;Серия НП;0;Samsung NP530u;Самсунг NP-530u;NP530u;NP;NP;NP-530u;НП;НП;NP 530u
Samsung;ноутбук;NP-series;Серия НП;0;Samsung NP530u3b;Самсунг NP-530u3b;NP530u3b;NP;NP;NP-530u3b;НП;НП;NP 530u3b
Samsung;ноутбук;NP-series;Серия НП;0;Samsung NP530u3b a02ru;Самсунг NP-530u3b a02ru;NP530u3b a02ru;NP;NP;NP-530u3b a02ru;НП;НП;NP 530u3b a02ru
Samsung;ноутбук;NP-series;Серия НП;0;Samsung NP530u3b a04ru;Самсунг NP-530u3b a04ru;NP530u3b a04ru;NP;NP;NP-530u3b a04ru;НП;НП;NP 530u3b a04ru
Samsung;ноутбук;NP-series;Серия НП;0;Samsung NP530u3c;Самсунг NP-530u3c;NP530u3c;NP;NP;NP-530u3c;НП;НП;NP 530u3c
Samsung;ноутбук;NP-series;Серия НП;0;Samsung NP530u4b;Самсунг NP-530u4b;NP530u4b;NP;NP;NP-530u4b;НП;НП;NP 530u4b
Samsung;ноутбук;NP-series;Серия НП;0;Samsung NP530u4b s01;Самсунг NP-530u4b s01;NP530u4b s01;NP;NP;NP-530u4b s01;НП;НП;NP 530u4b s01
Samsung;ноутбук;NP-series;Серия НП;0;Samsung NP530u4b s01ru;Самсунг NP-530u4b s01ru;NP530u4b s01ru;NP;NP;NP-530u4b s01ru;НП;НП;NP 530u4b s01ru
Samsung;ноутбук;NP-series;Серия НП;0;Samsung NP530u4c;Самсунг NP-530u4c;NP530u4c;NP;NP;NP-530u4c;НП;НП;NP 530u4c
Samsung;ноутбук;NP-series;Серия НП;0;Samsung NP530u4c s0a;Самсунг NP-530u4c s0a;NP530u4c s0a;NP;NP;NP-530u4c s0a;НП;НП;NP 530u4c s0a
Samsung;ноутбук;NP-series;Серия НП;0;Samsung NP530u4e;Самсунг NP-530u4e;NP530u4e;NP;NP;NP-530u4e;НП;НП;NP 530u4e
Samsung;ноутбук;NP-series;Серия НП;0;Samsung NP535u;Самсунг NP-535u;NP535u;NP;NP;NP-535u;НП;НП;NP 535u
Samsung;ноутбук;NP-series;Серия НП;0;Samsung NP535u3c;Самсунг NP-535u3c;NP535u3c;NP;NP;NP-535u3c;НП;НП;NP 535u3c
Samsung;ноутбук;NP-series;Серия НП;0;Samsung NP535u3c a04;Самсунг NP-535u3c a04;NP535u3c a04;NP;NP;NP-535u3c a04;НП;НП;NP 535u3c a04
Samsung;ноутбук;NP-series;Серия НП;0;Samsung NP535u3c a06ru;Самсунг NP-535u3c a06ru;NP535u3c a06ru;NP;NP;NP-535u3c a06ru;НП;НП;NP 535u3c a06ru
Samsung;ноутбук;NP-series;Серия НП;0;Samsung NP535u4c;Самсунг NP-535u4c;NP535u4c;NP;NP;NP-535u4c;НП;НП;NP 535u4c
Samsung;ноутбук;NP-series;Серия НП;0;Samsung NP535u4c s02;Самсунг NP-535u4c s02;NP535u4c s02;NP;NP;NP-535u4c s02;НП;НП;NP 535u4c s02
Samsung;ноутбук;NP-series;Серия НП;0;Samsung NP535u4c s02ru;Самсунг NP-535u4c s02ru;NP535u4c s02ru;NP;NP;NP-535u4c s02ru;НП;НП;NP 535u4c s02ru
Samsung;ноутбук;NP-series;Серия НП;0;Samsung NP535u4c s03ru;Самсунг NP-535u4c s03ru;NP535u4c s03ru;NP;NP;NP-535u4c s03ru;НП;НП;NP 535u4c s03ru
Samsung;ноутбук;NP-series;Серия НП;0;Samsung NP540;Самсунг NP-540;NP540;NP;NP;NP-540;НП;НП;NP 540
Samsung;ноутбук;NP-series;Серия НП;0;Samsung NP550;Самсунг NP-550;NP550;NP;NP;NP-550;НП;НП;NP 550
Samsung;ноутбук;NP-series;Серия НП;0;Samsung NP550p5c;Самсунг NP-550p5c;NP550p5c;NP;NP;NP-550p5c;НП;НП;NP 550p5c
Samsung;ноутбук;NP-series;Серия НП;0;Samsung NP550p7c;Самсунг NP-550p7c;NP550p7c;NP;NP;NP-550p7c;НП;НП;NP 550p7c
Samsung;ноутбук;NP-series;Серия НП;0;Samsung NP550p7c s02ru;Самсунг NP-550p7c s02ru;NP550p7c s02ru;NP;NP;NP-550p7c s02ru;НП;НП;NP 550p7c s02ru
Samsung;ноутбук;NP-series;Серия НП;0;Samsung NP670z5e;Самсунг NP-670z5e;NP670z5e;NP;NP;NP-670z5e;НП;НП;NP 670z5e
Samsung;ноутбук;NP-series;Серия НП;0;Samsung NP680z5e;Самсунг NP-680z5e;NP680z5e;NP;NP;NP-680z5e;НП;НП;NP 680z5e
Samsung;ноутбук;NP-series;Серия НП;0;Samsung NP700;Самсунг NP-700;NP700;NP;NP;NP-700;НП;НП;NP 700
Samsung;ноутбук;NP-series;Серия НП;0;Samsung NP700g7;Самсунг NP-700g7;NP700g7;NP;NP;NP-700g7;НП;НП;NP 700g7
Samsung;ноутбук;NP-series;Серия НП;0;Samsung NP700g7a;Самсунг NP-700g7a;NP700g7a;NP;NP;NP-700g7a;НП;НП;NP 700g7a
Samsung;ноутбук;NP-series;Серия НП;0;Samsung NP700g7a s02ru;Самсунг NP-700g7a s02ru;NP700g7a s02ru;NP;NP;NP-700g7a s02ru;НП;НП;NP 700g7a s02ru
Samsung;ноутбук;NP-series;Серия НП;0;Samsung NP700g7a s03ru;Самсунг NP-700g7a s03ru;NP700g7a s03ru;NP;NP;NP-700g7a s03ru;НП;НП;NP 700g7a s03ru
Samsung;ноутбук;NP-series;Серия НП;0;Samsung NP700g7c;Самсунг NP-700g7c;NP700g7c;NP;NP;NP-700g7c;НП;НП;NP 700g7c
Samsung;ноутбук;NP-series;Серия НП;0;Samsung NP700g7c t02;Самсунг NP-700g7c t02;NP700g7c t02;NP;NP;NP-700g7c t02;НП;НП;NP 700g7c t02
Samsung;ноутбук;NP-series;Серия НП;0;Samsung NP700z;Самсунг NP-700z;NP700z;NP;NP;NP-700z;НП;НП;NP 700z
Samsung;ноутбук;NP-series;Серия НП;0;Samsung NP700z3a;Самсунг NP-700z3a;NP700z3a;NP;NP;NP-700z3a;НП;НП;NP 700z3a
Samsung;ноутбук;NP-series;Серия НП;0;Samsung NP700z5a;Самсунг NP-700z5a;NP700z5a;NP;NP;NP-700z5a;НП;НП;NP 700z5a
Samsung;ноутбук;NP-series;Серия НП;0;Samsung NP700z5a s01;Самсунг NP-700z5a s01;NP700z5a s01;NP;NP;NP-700z5a s01;НП;НП;NP 700z5a s01
Samsung;ноутбук;NP-series;Серия НП;0;Samsung NP700z5a s01ru;Самсунг NP-700z5a s01ru;NP700z5a s01ru;NP;NP;NP-700z5a s01ru;НП;НП;NP 700z5a s01ru
Samsung;ноутбук;NP-series;Серия НП;0;Samsung NP700z5c;Самсунг NP-700z5c;NP700z5c;NP;NP;NP-700z5c;НП;НП;NP 700z5c
Samsung;ноутбук;NP-series;Серия НП;0;Samsung NP700z5c s01;Самсунг NP-700z5c s01;NP700z5c s01;NP;NP;NP-700z5c s01;НП;НП;NP 700z5c s01
Samsung;ноутбук;NP-series;Серия НП;0;Samsung NP700z7c;Самсунг NP-700z7c;NP700z7c;NP;NP;NP-700z7c;НП;НП;NP 700z7c
Samsung;ноутбук;NP-series;Серия НП;0;Samsung NP710;Самсунг NP-710;NP710;NP;NP;NP-710;НП;НП;NP 710
Samsung;ноутбук;NP-series;Серия НП;0;Samsung NP720;Самсунг NP-720;NP720;NP;NP;NP-720;НП;НП;NP 720
Samsung;ноутбук;NP-series;Серия НП;0;Samsung NP730;Самсунг NP-730;NP730;NP;NP;NP-730;НП;НП;NP 730
Samsung;ноутбук;NP-series;Серия НП;0;Samsung NP730u3e;Самсунг NP-730u3e;NP730u3e;NP;NP;NP-730u3e;НП;НП;NP 730u3e
Samsung;ноутбук;NP-series;Серия НП;0;Samsung NP740u3e;Самсунг NP-740u3e;NP740u3e;NP;NP;NP-740u3e;НП;НП;NP 740u3e
Samsung;ноутбук;NP-series;Серия НП;0;Samsung NP740u3e x01;Самсунг NP-740u3e x01;NP740u3e x01;NP;NP;NP-740u3e x01;НП;НП;NP 740u3e x01
Samsung;ноутбук;NP-series;Серия НП;0;Samsung NP870z5e;Самсунг NP-870z5e;NP870z5e;NP;NP;NP-870z5e;НП;НП;NP 870z5e
Samsung;ноутбук;NP-series;Серия НП;0;Samsung NP870z5e x01;Самсунг NP-870z5e x01;NP870z5e x01;NP;NP;NP-870z5e x01;НП;НП;NP 870z5e x01
Samsung;ноутбук;NP-series;Серия НП;0;Samsung NP880z5e;Самсунг NP-880z5e;NP880z5e;NP;NP;NP-880z5e;НП;НП;NP 880z5e
Samsung;ноутбук;NP-series;Серия НП;0;Samsung NP880z5e x01;Самсунг NP-880z5e x01;NP880z5e x01;NP;NP;NP-880z5e x01;НП;НП;NP 880z5e x01
Samsung;ноутбук;NP-series;Серия НП;0;Samsung NP9 series;Самсунг NP-9 series;NP9 series;NP;NP;NP-9 series;НП;НП;NP 9 series
Samsung;ноутбук;NP-series;Серия НП;0;Samsung NP900;Самсунг NP-900;NP900;NP;NP;NP-900;НП;НП;NP 900
Samsung;ноутбук;NP-series;Серия НП;0;Samsung NP900x;Самсунг NP-900x;NP900x;NP;NP;NP-900x;НП;НП;NP 900x
Samsung;ноутбук;NP-series;Серия НП;0;Samsung NP900x1a;Самсунг NP-900x1a;NP900x1a;NP;NP;NP-900x1a;НП;НП;NP 900x1a
Samsung;ноутбук;NP-series;Серия НП;0;Samsung NP900x1b;Самсунг NP-900x1b;NP900x1b;NP;NP;NP-900x1b;НП;НП;NP 900x1b
Samsung;ноутбук;NP-series;Серия НП;0;Samsung NP900x1b a01ru;Самсунг NP-900x1b a01ru;NP900x1b a01ru;NP;NP;NP-900x1b a01ru;НП;НП;NP 900x1b a01ru
Samsung;ноутбук;NP-series;Серия НП;0;Samsung NP900x3a;Самсунг NP-900x3a;NP900x3a;NP;NP;NP-900x3a;НП;НП;NP 900x3a
Samsung;ноутбук;NP-series;Серия НП;0;Samsung NP900x3a b05ru;Самсунг NP-900x3a b05ru;NP900x3a b05ru;NP;NP;NP-900x3a b05ru;НП;НП;NP 900x3a b05ru
Samsung;ноутбук;NP-series;Серия НП;0;Samsung NP900x3a b06ru;Самсунг NP-900x3a b06ru;NP900x3a b06ru;NP;NP;NP-900x3a b06ru;НП;НП;NP 900x3a b06ru
Samsung;ноутбук;NP-series;Серия НП;0;Samsung NP900x3b;Самсунг NP-900x3b;NP900x3b;NP;NP;NP-900x3b;НП;НП;NP 900x3b
Samsung;ноутбук;NP-series;Серия НП;0;Samsung NP900x3c;Самсунг NP-900x3c;NP900x3c;NP;NP;NP-900x3c;НП;НП;NP 900x3c
Samsung;ноутбук;NP-series;Серия НП;0;Samsung NP900x3c a02ru;Самсунг NP-900x3c a02ru;NP900x3c a02ru;NP;NP;NP-900x3c a02ru;НП;НП;NP 900x3c a02ru
Samsung;ноутбук;NP-series;Серия НП;0;Samsung NP900x3d;Самсунг NP-900x3d;NP900x3d;NP;NP;NP-900x3d;НП;НП;NP 900x3d
Samsung;ноутбук;NP-series;Серия НП;0;Samsung NP900x3e;Самсунг NP-900x3e;NP900x3e;NP;NP;NP-900x3e;НП;НП;NP 900x3e
Samsung;ноутбук;NP-series;Серия НП;0;Samsung NP900x3f;Самсунг NP-900x3f;NP900x3f;NP;NP;NP-900x3f;НП;НП;NP 900x3f
Samsung;ноутбук;NP-series;Серия НП;0;Samsung NP900x4c;Самсунг NP-900x4c;NP900x4c;NP;NP;NP-900x4c;НП;НП;NP 900x4c
Samsung;ноутбук;NP-series;Серия НП;0;Samsung NP900x4c a01ru;Самсунг NP-900x4c a01ru;NP900x4c a01ru;NP;NP;NP-900x4c a01ru;НП;НП;NP 900x4c a01ru
Samsung;ноутбук;NP-series;Серия НП;0;Samsung NP900x4c a02ru;Самсунг NP-900x4c a02ru;NP900x4c a02ru;NP;NP;NP-900x4c a02ru;НП;НП;NP 900x4c a02ru
Samsung;ноутбук;NP-series;Серия НП;0;Samsung NP900x4d;Самсунг NP-900x4d;NP900x4d;NP;NP;NP-900x4d;НП;НП;NP 900x4d
Samsung;ноутбук;NP-series;Серия НП;0;Samsung NP930x2k;Самсунг NP-930x2k;NP930x2k;NP;NP;NP-930x2k;НП;НП;NP 930x2k
Samsung;ноутбук;BA-series;Серия ВА;0;Samsung BA68;Самсунг ВА68;BA68;BA;BA;ВА68;ВА;ВА;ВА68
Samsung;ноутбук;Chromebook;Хромбук;0;Samsung ChromeBook;Самсунг Хромбук;ChromeBook;CB;ChromeBook;Хромбук;СВ;СВ;Хромбук
Samsung;ноутбук;NP-series;Серия НП;0;Samsung NP e300;Самсунг NP-e300;NP e300;NP;NP;NP-e300;НП;НП;NP E 300
Samsung;ноутбук;NP-series;Серия НП;0;Samsung NP e350;Самсунг NP-e350;NP e350;NP;NP;NP-e350;НП;НП;NP E 350
Samsung;ноутбук;NP-series;Серия НП;0;Samsung NP e352;Самсунг NP-e352;NP e352;NP;NP;NP-e352;НП;НП;NP E 352
Samsung;ноутбук;NP-series;Серия НП;0;Samsung NP e452e;Самсунг NP-e452e;NP e452e;NP;NP;NP-e452e;НП;НП;NP E 452e
Samsung;ноутбук;NP-series;Серия НП;0;Samsung NP g25;Самсунг NP-g25;NP g25;NP;NP;NP-g25;НП;НП;NP G 25
Samsung;ноутбук;NP-series;Серия НП;0;Samsung NP g910;Самсунг NP-g910;NP g910;NP;NP;NP-g910;НП;НП;NP G 910
Samsung;ноутбук;NP-series;Серия НП;0;Samsung NP g910 fs02ru;Самсунг NP-g910 fs02ru;NP g910 fs02ru;NP;NP;NP-g910 fs02ru;НП;НП;NP G 910 fs02ru
Samsung;ноутбук;NP-series;Серия НП;0;Samsung NP hp300e7a;Самсунг NP-hp300e7a;NP hp300e7a;NP;NP;NP-hp300e7a;НП;НП;NP HP 300e7a
Samsung;ноутбук;NP-series;Серия НП;0;Samsung NP lite 905s3g;Самсунг NP-lite 905s3g;NP lite 905s3g;NP;NP;NP-lite 905s3g;НП;НП;NP LITE 905 s3g
Samsung;ноутбук;NP-series;Серия НП;0;Samsung NP lite 915s3g;Самсунг NP-lite 915s3g;NP lite 915s3g;NP;NP;NP-lite 915s3g;НП;НП;NP LITE 915 s3g
Samsung;ноутбук;NP-series;Серия НП;0;Samsung NP n100;Самсунг NP-n100;NP n100;NP;NP;NP-n100;НП;НП;NP N 100
Samsung;ноутбук;NP-series;Серия НП;0;Samsung NP n100s;Самсунг NP-n100s;NP n100s;NP;NP;NP-n100s;НП;НП;NP N 100s
Samsung;ноутбук;NP-series;Серия НП;0;Samsung NP n100sp;Самсунг NP-n100sp;NP n100sp;NP;NP;NP-n100sp;НП;НП;NP N 100sp
Samsung;ноутбук;NP-series;Серия НП;0;Samsung NP n102;Самсунг NP-n102;NP n102;NP;NP;NP-n102;НП;НП;NP N 102
Samsung;ноутбук;NP-series;Серия НП;0;Samsung NP n110;Самсунг NP-n110;NP n110;NP;NP;NP-n110;НП;НП;NP N 110
Samsung;ноутбук;NP-series;Серия НП;0;Samsung NP n120;Самсунг NP-n120;NP n120;NP;NP;NP-n120;НП;НП;NP N 120
Samsung;ноутбук;NP-series;Серия НП;0;Samsung NP n127;Самсунг NP-n127;NP n127;NP;NP;NP-n127;НП;НП;NP N 127
Samsung;ноутбук;NP-series;Серия НП;0;Samsung NP n128;Самсунг NP-n128;NP n128;NP;NP;NP-n128;НП;НП;NP N 128
Samsung;ноутбук;NP-series;Серия НП;0;Samsung NP n130;Самсунг NP-n130;NP n130;NP;NP;NP-n130;НП;НП;NP N 130
Samsung;ноутбук;NP-series;Серия НП;0;Samsung NP n140;Самсунг NP-n140;NP n140;NP;NP;NP-n140;НП;НП;NP N 140
Samsung;ноутбук;NP-series;Серия НП;0;Samsung NP n143;Самсунг NP-n143;NP n143;NP;NP;NP-n143;НП;НП;NP N 143
Samsung;ноутбук;NP-series;Серия НП;0;Samsung NP n145;Самсунг NP-n145;NP n145;NP;NP;NP-n145;НП;НП;NP N 145
Samsung;ноутбук;NP-series;Серия НП;0;Samsung NP n145 plus;Самсунг NP-n145 plus;NP n145 plus;NP;NP;NP-n145 plus;НП;НП;NP N 145 plus
Samsung;ноутбук;NP-series;Серия НП;0;Samsung NP n148;Самсунг NP-n148;NP n148;NP;NP;NP-n148;НП;НП;NP N 148
Samsung;ноутбук;NP-series;Серия НП;0;Samsung NP n150;Самсунг NP-n150;NP n150;NP;NP;NP-n150;НП;НП;NP N 150
Samsung;ноутбук;NP-series;Серия НП;0;Samsung NP n150 plus;Самсунг NP-n150 plus;NP n150 plus;NP;NP;NP-n150 plus;НП;НП;NP N 150 plus
Samsung;ноутбук;NP-series;Серия НП;0;Samsung NP n210;Самсунг NP-n210;NP n210;NP;NP;NP-n210;НП;НП;NP N 210
Samsung;ноутбук;NP-series;Серия НП;0;Samsung NP n210 plus;Самсунг NP-n210 plus;NP n210 plus;NP;NP;NP-n210 plus;НП;НП;NP N 210 plus
Samsung;ноутбук;NP-series;Серия НП;0;Samsung NP n220;Самсунг NP-n220;NP n220;NP;NP;NP-n220;НП;НП;NP N 220
Samsung;ноутбук;NP-series;Серия НП;0;Samsung NP n220 plus;Самсунг NP-n220 plus;NP n220 plus;NP;NP;NP-n220 plus;НП;НП;NP N 220 plus
Samsung;ноутбук;NP-series;Серия НП;0;Samsung NP n230;Самсунг NP-n230;NP n230;NP;NP;NP-n230;НП;НП;NP N 230
Samsung;ноутбук;NP-series;Серия НП;0;Samsung NP n250;Самсунг NP-n250;NP n250;NP;NP;NP-n250;НП;НП;NP N 250
Samsung;ноутбук;NP-series;Серия НП;0;Samsung NP n308;Самсунг NP-n308;NP n308;NP;NP;NP-n308;НП;НП;NP N 308
Samsung;ноутбук;NP-series;Серия НП;0;Samsung NP n310;Самсунг NP-n310;NP n310;NP;NP;NP-n310;НП;НП;NP N 310
Samsung;ноутбук;NP-series;Серия НП;0;Samsung NP n350;Самсунг NP-n350;NP n350;NP;NP;NP-n350;НП;НП;NP N 350
Samsung;ноутбук;NP-series;Серия НП;0;Samsung NP nb30;Самсунг NP-nb30;NP nb30;NP;NP;NP-nb30;НП;НП;NP NB 30
Samsung;ноутбук;NP-series;Серия НП;0;Samsung NP nb30 pro;Самсунг NP-nb30 pro;NP nb30 pro;NP;NP;NP-nb30 pro;НП;НП;NP NB 30 pro
Samsung;ноутбук;NP-series;Серия НП;0;Samsung NP nc10;Самсунг NP-nc10;NP nc10;NP;NP;NP-nc10;НП;НП;NP NC 10
Samsung;ноутбук;NP-series;Серия НП;0;Samsung NP nc110;Самсунг NP-nc110;NP nc110;NP;NP;NP-nc110;НП;НП;NP NC 110
Samsung;ноутбук;NP-series;Серия НП;0;Samsung NP nc20;Самсунг NP-nc20;NP nc20;NP;NP;NP-nc20;НП;НП;NP NC 20
Samsung;ноутбук;NP-series;Серия НП;0;Samsung NP nc210;Самсунг NP-nc210;NP nc210;NP;NP;NP-nc210;НП;НП;NP NC 210
Samsung;ноутбук;NP-series;Серия НП;0;Samsung NP nc215;Самсунг NP-nc215;NP nc215;NP;NP;NP-nc215;НП;НП;NP NC 215
Samsung;ноутбук;NP-series;Серия НП;0;Samsung NP nd10;Самсунг NP-nd10;NP nd10;NP;NP;NP-nd10;НП;НП;NP ND 10
Samsung;ноутбук;NP-series;Серия НП;0;Samsung NP nf110;Самсунг NP-nf110;NP nf110;NP;NP;NP-nf110;НП;НП;NP NF 110
Samsung;ноутбук;NP-series;Серия НП;0;Samsung NP nf210;Самсунг NP-nf210;NP nf210;NP;NP;NP-nf210;НП;НП;NP NF 210
Samsung;ноутбук;NP-series;Серия НП;0;Samsung NP nf310;Самсунг NP-nf310;NP nf310;NP;NP;NP-nf310;НП;НП;NP NF 310
Samsung;ноутбук;NP-series;Серия НП;0;Samsung NP ns310;Самсунг NP-ns310;NP ns310;NP;NP;NP-ns310;НП;НП;NP NS 310
Samsung;ноутбук;NP-series;Серия НП;0;Samsung NP p28;Самсунг NP-p28;NP p28;NP;NP;NP-p28;НП;НП;NP P 28
Samsung;ноутбук;NP-series;Серия НП;0;Samsung NP p29;Самсунг NP-p29;NP p29;NP;NP;NP-p29;НП;НП;NP P 29
Samsung;ноутбук;NP-series;Серия НП;0;Samsung NP p30;Самсунг NP-p30;NP p30;NP;NP;NP-p30;НП;НП;NP P 30
Samsung;ноутбук;NP-series;Серия НП;0;Samsung NP p40;Самсунг NP-p40;NP p40;NP;NP;NP-p40;НП;НП;NP P 40
Samsung;ноутбук;NP-series;Серия НП;0;Samsung NP p400;Самсунг NP-p400;NP p400;NP;NP;NP-p400;НП;НП;NP P 400
Samsung;ноутбук;NP-series;Серия НП;0;Samsung NP p430;Самсунг NP-p430;NP p430;NP;NP;NP-p430;НП;НП;NP P 430
Samsung;ноутбук;NP-series;Серия НП;0;Samsung NP p480;Самсунг NP-p480;NP p480;NP;NP;NP-p480;НП;НП;NP P 480
Samsung;ноутбук;NP-series;Серия НП;0;Samsung NP p500;Самсунг NP-p500;NP p500;NP;NP;NP-p500;НП;НП;NP P 500
Samsung;ноутбук;NP-series;Серия НП;0;Samsung NP p530 pro;Самсунг NP-p530 pro;NP p530 pro;NP;NP;NP-p530 pro;НП;НП;NP P 530 pro
Samsung;ноутбук;NP-series;Серия НП;0;Samsung NP p55;Самсунг NP-p55;NP p55;NP;NP;NP-p55;НП;НП;NP P 55
Samsung;ноутбук;NP-series;Серия НП;0;Samsung NP p580;Самсунг NP-p580;NP p580;NP;NP;NP-p580;НП;НП;NP P 580
Samsung;ноутбук;NP-series;Серия НП;0;Samsung NP p580 pro;Самсунг NP-p580 pro;NP p580 pro;NP;NP;NP-p580 pro;НП;НП;NP P 580 pro
Samsung;ноутбук;NP-series;Серия НП;0;Samsung NP p60;Самсунг NP-p60;NP p60;NP;NP;NP-p60;НП;НП;NP P 60
Samsung;ноутбук;NP-series;Серия НП;0;Samsung NP plus 940x3g;Самсунг NP-plus 940x3g;NP plus 940x3g;NP;NP;NP-plus 940x3g;НП;НП;NP plus 940x3g
Samsung;ноутбук;NP-series;Серия НП;0;Samsung NP plus 940x3k;Самсунг NP-plus 940x3k;NP plus 940x3k;NP;NP;NP-plus 940x3k;НП;НП;NP plus 940x3k
Samsung;ноутбук;NP-series;Серия НП;0;Samsung NP pro;Самсунг NP-pro;NP pro;NP;NP;NP-pro;НП;НП;NP pro
Samsung;ноутбук;NP-series;Серия НП;0;Samsung NP q210;Самсунг NP-q210;NP q210;NP;NP;NP-q210;НП;НП;NP Q 210
Samsung;ноутбук;NP-series;Серия НП;0;Samsung NP q310;Самсунг NP-q310;NP q310;NP;NP;NP-q310;НП;НП;NP Q 310
Samsung;ноутбук;NP-series;Серия НП;0;Samsung NP q320;Самсунг NP-q320;NP q320;NP;NP;NP-q320;НП;НП;NP Q 320
Samsung;ноутбук;NP-series;Серия НП;0;Samsung NP q330;Самсунг NP-q330;NP q330;NP;NP;NP-q330;НП;НП;NP Q 330
Samsung;ноутбук;NP-series;Серия НП;0;Samsung NP q35;Самсунг NP-q35;NP q35;NP;NP;NP-q35;НП;НП;NP Q 35
Samsung;ноутбук;NP-series;Серия НП;0;Samsung NP q430;Самсунг NP-q430;NP q430;NP;NP;NP-q430;НП;НП;NP Q 430
Samsung;ноутбук;NP-series;Серия НП;0;Samsung NP q45;Самсунг NP-q45;NP q45;NP;NP;NP-q45;НП;НП;NP Q 45
Samsung;ноутбук;NP-series;Серия НП;0;Samsung NP q45c;Самсунг NP-q45c;NP q45c;NP;NP;NP-q45c;НП;НП;NP Q 45c
Samsung;ноутбук;NP-series;Серия НП;0;Samsung NP q530;Самсунг NP-q530;NP q530;NP;NP;NP-q530;НП;НП;NP Q 530
Samsung;ноутбук;NP-series;Серия НП;0;Samsung NP q70;Самсунг NP-q70;NP q70;NP;NP;NP-q70;НП;НП;NP Q 70
Samsung;ноутбук;NP-series;Серия НП;0;Samsung NP qx310;Самсунг NP-qx310;NP qx310;NP;NP;NP-qx310;НП;НП;NP QX 310
Samsung;ноутбук;NP-series;Серия НП;0;Samsung NP qx410;Самсунг NP-qx410;NP qx410;NP;NP;NP-qx410;НП;НП;NP QX 410
Samsung;ноутбук;NP-series;Серия НП;0;Samsung NP qx411;Самсунг NP-qx411;NP qx411;NP;NP;NP-qx411;НП;НП;NP QX 411
Samsung;ноутбук;NP-series;Серия НП;0;Samsung NP qx412;Самсунг NP-qx412;NP qx412;NP;NP;NP-qx412;НП;НП;NP QX 412
Samsung;ноутбук;NP-series;Серия НП;0;Samsung NP qx510;Самсунг NP-qx510;NP qx510;NP;NP;NP-qx510;НП;НП;NP QX 510
Samsung;ноутбук;NP-series;Серия НП;0;Samsung NP r18;Самсунг NP-r18;NP r18;NP;NP;NP-r18;НП;НП;NP R 18
Samsung;ноутбук;NP-series;Серия НП;0;Samsung NP r18 plus;Самсунг NP-r18 plus;NP r18 plus;NP;NP;NP-r18 plus;НП;НП;NP R 18 plus
Samsung;ноутбук;NP-series;Серия НП;0;Samsung NP r20;Самсунг NP-r20;NP r20;NP;NP;NP-r20;НП;НП;NP R 20
Samsung;ноутбук;NP-series;Серия НП;0;Samsung NP r20 plus;Самсунг NP-r20 plus;NP r20 plus;NP;NP;NP-r20 plus;НП;НП;NP R 20 plus
Samsung;ноутбук;NP-series;Серия НП;0;Samsung NP r20y;Самсунг NP-r20y;NP r20y;NP;NP;NP-r20y;НП;НП;NP R 20y
Samsung;ноутбук;NP-series;Серия НП;0;Samsung NP r25;Самсунг NP-r25;NP r25;NP;NP;NP-r25;НП;НП;NP R 25
Samsung;ноутбук;NP-series;Серия НП;0;Samsung NP r25 f001;Самсунг NP-r25 f001;NP r25 f001;NP;NP;NP-r25 f001;НП;НП;NP R 25 f001
Samsung;ноутбук;NP-series;Серия НП;0;Samsung NP r25 f002;Самсунг NP-r25 f002;NP r25 f002;NP;NP;NP-r25 f002;НП;НП;NP R 25 f002
Samsung;ноутбук;NP-series;Серия НП;0;Samsung NP r25 plus;Самсунг NP-r25 plus;NP r25 plus;NP;NP;NP-r25 plus;НП;НП;NP R 25 plus
Samsung;ноутбук;NP-series;Серия НП;0;Samsung NP r25e;Самсунг NP-r25e;NP r25e;NP;NP;NP-r25e;НП;НП;NP R 25e
Samsung;ноутбук;NP-series;Серия НП;0;Samsung NP r25s;Самсунг NP-r25s;NP r25s;NP;NP;NP-r25s;НП;НП;NP R 25s
Samsung;ноутбук;NP-series;Серия НП;0;Samsung NP r350;Самсунг NP-r350;NP r350;NP;NP;NP-r350;НП;НП;NP R 350
Samsung;ноутбук;NP-series;Серия НП;0;Samsung NP r370;Самсунг NP-r370;NP r370;NP;NP;NP-r370;НП;НП;NP R 370
Samsung;ноутбук;NP-series;Серия НП;0;Samsung NP r40;Самсунг NP-r40;NP r40;NP;NP;NP-r40;НП;НП;NP R 40
Samsung;ноутбук;NP-series;Серия НП;0;Samsung NP r40 k006;Самсунг NP-r40 k006;NP r40 k006;NP;NP;NP-r40 k006;НП;НП;NP R 40 k006
Samsung;ноутбук;NP-series;Серия НП;0;Samsung NP r40 plus;Самсунг NP-r40 plus;NP r40 plus;NP;NP;NP-r40 plus;НП;НП;NP R 40 plus
Samsung;ноутбук;NP-series;Серия НП;0;Samsung NP r408;Самсунг NP-r408;NP r408;NP;NP;NP-r408;НП;НП;NP R 408
Samsung;ноутбук;NP-series;Серия НП;0;Samsung NP r40plus;Самсунг NP-r40plus;NP r40plus;NP;NP;NP-r40plus;НП;НП;NP R 40plus
Samsung;ноутбук;NP-series;Серия НП;0;Samsung NP r410;Самсунг NP-r410;NP r410;NP;NP;NP-r410;НП;НП;NP R 410
Samsung;ноутбук;NP-series;Серия НП;0;Samsung NP r410 plus;Самсунг NP-r410 plus;NP r410 plus;NP;NP;NP-r410 plus;НП;НП;NP R 410 plus
Samsung;ноутбук;NP-series;Серия НП;0;Samsung NP r418;Самсунг NP-r418;NP r418;NP;NP;NP-r418;НП;НП;NP R 418
Samsung;ноутбук;NP-series;Серия НП;0;Samsung NP r420;Самсунг NP-r420;NP r420;NP;NP;NP-r420;НП;НП;NP R 420
Samsung;ноутбук;NP-series;Серия НП;0;Samsung NP r425;Самсунг NP-r425;NP r425;NP;NP;NP-r425;НП;НП;NP R 425
Samsung;ноутбук;NP-series;Серия НП;0;Samsung NP r425 js04ru;Самсунг NP-r425 js04ru;NP r425 js04ru;NP;NP;NP-r425 js04ru;НП;НП;NP R 425 js04ru
Samsung;ноутбук;NP-series;Серия НП;0;Samsung NP r425l;Самсунг NP-r425l;NP r425l;NP;NP;NP-r425l;НП;НП;NP R 425l
Samsung;ноутбук;NP-series;Серия НП;0;Samsung NP r428;Самсунг NP-r428;NP r428;NP;NP;NP-r428;НП;НП;NP R 428
Samsung;ноутбук;NP-series;Серия НП;0;Samsung NP r430;Самсунг NP-r430;NP r430;NP;NP;NP-r430;НП;НП;NP R 430
Samsung;ноутбук;NP-series;Серия НП;0;Samsung NP r440;Самсунг NP-r440;NP r440;NP;NP;NP-r440;НП;НП;NP R 440
Samsung;ноутбук;NP-series;Серия НП;0;Samsung NP r45;Самсунг NP-r45;NP r45;NP;NP;NP-r45;НП;НП;NP R 45
Samsung;ноутбук;NP-series;Серия НП;0;Samsung NP r450;Самсунг NP-r450;NP r450;NP;NP;NP-r450;НП;НП;NP R 450
Samsung;ноутбук;NP-series;Серия НП;0;Samsung NP r455;Самсунг NP-r455;NP r455;NP;NP;NP-r455;НП;НП;NP R 455
Samsung;ноутбук;NP-series;Серия НП;0;Samsung NP r460;Самсунг NP-r460;NP r460;NP;NP;NP-r460;НП;НП;NP R 460
Samsung;ноутбук;NP-series;Серия НП;0;Samsung NP r463;Самсунг NP-r463;NP r463;NP;NP;NP-r463;НП;НП;NP R 463
Samsung;ноутбук;NP-series;Серия НП;0;Samsung NP r469;Самсунг NP-r469;NP r469;NP;NP;NP-r469;НП;НП;NP R 469
Samsung;ноутбук;NP-series;Серия НП;0;Samsung NP r480;Самсунг NP-r480;NP r480;NP;NP;NP-r480;НП;НП;NP R 480
Samsung;ноутбук;NP-series;Серия НП;0;Samsung NP r50;Самсунг NP-r50;NP r50;NP;NP;NP-r50;НП;НП;NP R 50
Samsung;ноутбук;NP-series;Серия НП;0;Samsung NP r503;Самсунг NP-r503;NP r503;NP;NP;NP-r503;НП;НП;NP R 503
Samsung;ноутбук;NP-series;Серия НП;0;Samsung NP r505;Самсунг NP-r505;NP r505;NP;NP;NP-r505;НП;НП;NP R 505
Samsung;ноутбук;NP-series;Серия НП;0;Samsung NP r508;Самсунг NP-r508;NP r508;NP;NP;NP-r508;НП;НП;NP R 508
Samsung;ноутбук;NP-series;Серия НП;0;Samsung NP r509;Самсунг NP-r509;NP r509;NP;NP;NP-r509;НП;НП;NP R 509
Samsung;ноутбук;NP-series;Серия НП;0;Samsung NP r510;Самсунг NP-r510;NP r510;NP;NP;NP-r510;НП;НП;NP R 510
Samsung;ноутбук;NP-series;Серия НП;0;Samsung NP r510 fs0jru;Самсунг NP-r510 fs0jru;NP r510 fs0jru;NP;NP;NP-r510 fs0jru;НП;НП;NP R 510 fs0jru
Samsung;ноутбук;NP-series;Серия НП;0;Samsung NP r510 xa05ru;Самсунг NP-r510 xa05ru;NP r510 xa05ru;NP;NP;NP-r510 xa05ru;НП;НП;NP R 510 xa05ru
Samsung;ноутбук;NP-series;Серия НП;0;Samsung NP r517;Самсунг NP-r517;NP r517;NP;NP;NP-r517;НП;НП;NP R 517
Samsung;ноутбук;NP-series;Серия НП;0;Samsung NP r518;Самсунг NP-r518;NP r518;NP;NP;NP-r518;НП;НП;NP R 518
Samsung;ноутбук;NP-series;Серия НП;0;Samsung NP r519;Самсунг NP-r519;NP r519;NP;NP;NP-r519;НП;НП;NP R 519
Samsung;ноутбук;NP-series;Серия НП;0;Samsung NP r520;Самсунг NP-r520;NP r520;NP;NP;NP-r520;НП;НП;NP R 520
Samsung;ноутбук;NP-series;Серия НП;0;Samsung NP r522;Самсунг NP-r522;NP r522;NP;NP;NP-r522;НП;НП;NP R 522
Samsung;ноутбук;NP-series;Серия НП;0;Samsung NP r523;Самсунг NP-r523;NP r523;NP;NP;NP-r523;НП;НП;NP R 523
Samsung;ноутбук;NP-series;Серия НП;0;Samsung NP r525;Самсунг NP-r525;NP r525;NP;NP;NP-r525;НП;НП;NP R 525
Samsung;ноутбук;NP-series;Серия НП;0;Samsung NP r525 js03;Самсунг NP-r525 js03;NP r525 js03;NP;NP;NP-r525 js03;НП;НП;NP R 525 js03
Samsung;ноутбук;NP-series;Серия НП;0;Samsung NP r525 js03ru;Самсунг NP-r525 js03ru;NP r525 js03ru;NP;NP;NP-r525 js03ru;НП;НП;NP R 525 js03ru
Samsung;ноутбук;NP-series;Серия НП;0;Samsung NP r525 jt03;Самсунг NP-r525 jt03;NP r525 jt03;NP;NP;NP-r525 jt03;НП;НП;NP R 525 jt03
Samsung;ноутбук;NP-series;Серия НП;0;Samsung NP r525 jt03ru;Самсунг NP-r525 jt03ru;NP r525 jt03ru;NP;NP;NP-r525 jt03ru;НП;НП;NP R 525 jt03ru
Samsung;ноутбук;NP-series;Серия НП;0;Samsung NP r525 jt06ru;Самсунг NP-r525 jt06ru;NP r525 jt06ru;NP;NP;NP-r525 jt06ru;НП;НП;NP R 525 jt06ru
Samsung;ноутбук;NP-series;Серия НП;0;Samsung NP r525l;Самсунг NP-r525l;NP r525l;NP;NP;NP-r525l;НП;НП;NP R 525l
Samsung;ноутбук;NP-series;Серия НП;0;Samsung NP r528;Самсунг NP-r528;NP r528;NP;NP;NP-r528;НП;НП;NP R 528
Samsung;ноутбук;NP-series;Серия НП;0;Samsung NP r530;Самсунг NP-r530;NP r530;NP;NP;NP-r530;НП;НП;NP R 530
Samsung;ноутбук;NP-series;Серия НП;0;Samsung NP r538;Самсунг NP-r538;NP r538;NP;NP;NP-r538;НП;НП;NP R 538
Samsung;ноутбук;NP-series;Серия НП;0;Samsung NP r540;Самсунг NP-r540;NP r540;NP;NP;NP-r540;НП;НП;NP R 540
Samsung;ноутбук;NP-series;Серия НП;0;Samsung NP r540 ja09;Самсунг NP-r540 ja09;NP r540 ja09;NP;NP;NP-r540 ja09;НП;НП;NP R 540 ja09
Samsung;ноутбук;NP-series;Серия НП;0;Samsung NP r540 js05ru;Самсунг NP-r540 js05ru;NP r540 js05ru;NP;NP;NP-r540 js05ru;НП;НП;NP R 540 js05ru
Samsung;ноутбук;NP-series;Серия НП;0;Samsung NP r540 js0bru;Самсунг NP-r540 js0bru;NP r540 js0bru;NP;NP;NP-r540 js0bru;НП;НП;NP R 540 js0bru
Samsung;ноутбук;NP-series;Серия НП;0;Samsung NP r540 jt03;Самсунг NP-r540 jt03;NP r540 jt03;NP;NP;NP-r540 jt03;НП;НП;NP R 540 jt03
Samsung;ноутбук;NP-series;Серия НП;0;Samsung NP r540 jt04ru;Самсунг NP-r540 jt04ru;NP r540 jt04ru;NP;NP;NP-r540 jt04ru;НП;НП;NP R 540 jt04ru
Samsung;ноутбук;NP-series;Серия НП;0;Samsung NP r540h;Самсунг NP-r540h;NP r540h;NP;NP;NP-r540h;НП;НП;NP R 540h
Samsung;ноутбук;NP-series;Серия НП;0;Samsung NP r55;Самсунг NP-r55;NP r55;NP;NP;NP-r55;НП;НП;NP R 55
Samsung;ноутбук;NP-series;Серия НП;0;Samsung NP r560;Самсунг NP-r560;NP r560;NP;NP;NP-r560;НП;НП;NP R 560
Samsung;ноутбук;NP-series;Серия НП;0;Samsung NP r578;Самсунг NP-r578;NP r578;NP;NP;NP-r578;НП;НП;NP R 578
Samsung;ноутбук;NP-series;Серия НП;0;Samsung NP r58;Самсунг NP-r58;NP r58;NP;NP;NP-r58;НП;НП;NP R 58
Samsung;ноутбук;NP-series;Серия НП;0;Samsung NP r58 plus;Самсунг NP-r58 plus;NP r58 plus;NP;NP;NP-r58 plus;НП;НП;NP R 58 plus
Samsung;ноутбук;NP-series;Серия НП;0;Samsung NP r580;Самсунг NP-r580;NP r580;NP;NP;NP-r580;НП;НП;NP R 580
Samsung;ноутбук;NP-series;Серия НП;0;Samsung NP r590;Самсунг NP-r590;NP r590;NP;NP;NP-r590;НП;НП;NP R 590
Samsung;ноутбук;NP-series;Серия НП;0;Samsung NP r60;Самсунг NP-r60;NP r60;NP;NP;NP-r60;НП;НП;NP R 60
Samsung;ноутбук;NP-series;Серия НП;0;Samsung NP r60 plus;Самсунг NP-r60 plus;NP r60 plus;NP;NP;NP-r60 plus;НП;НП;NP R 60 plus
Samsung;ноутбук;NP-series;Серия НП;0;Samsung NP r60s;Самсунг NP-r60s;NP r60s;NP;NP;NP-r60s;НП;НП;NP R 60s
Samsung;ноутбук;NP-series;Серия НП;0;Samsung NP r60y;Самсунг NP-r60y;NP r60y;NP;NP;NP-r60y;НП;НП;NP R 60y
Samsung;ноутбук;NP-series;Серия НП;0;Samsung NP r610;Самсунг NP-r610;NP r610;NP;NP;NP-r610;НП;НП;NP R 610
Samsung;ноутбук;NP-series;Серия НП;0;Samsung NP r620;Самсунг NP-r620;NP r620;NP;NP;NP-r620;НП;НП;NP R 620
Samsung;ноутбук;NP-series;Серия НП;0;Samsung NP r70;Самсунг NP-r70;NP r70;NP;NP;NP-r70;НП;НП;NP R 70
Samsung;ноутбук;NP-series;Серия НП;0;Samsung NP r70 a003;Самсунг NP-r70 a003;NP r70 a003;NP;NP;NP-r70 a003;НП;НП;NP R 70 a003
Samsung;ноутбук;NP-series;Серия НП;0;Samsung NP r70 a005;Самсунг NP-r70 a005;NP r70 a005;NP;NP;NP-r70 a005;НП;НП;NP R 70 a005
Samsung;ноутбук;NP-series;Серия НП;0;Samsung NP r70 a008;Самсунг NP-r70 a008;NP r70 a008;NP;NP;NP-r70 a008;НП;НП;NP R 70 a008
Samsung;ноутбук;NP-series;Серия НП;0;Samsung NP r700;Самсунг NP-r700;NP r700;NP;NP;NP-r700;НП;НП;NP R 700
Samsung;ноутбук;NP-series;Серия НП;0;Samsung NP r710;Самсунг NP-r710;NP r710;NP;NP;NP-r710;НП;НП;NP R 710
Samsung;ноутбук;NP-series;Серия НП;0;Samsung NP r710h;Самсунг NP-r710h;NP r710h;NP;NP;NP-r710h;НП;НП;NP R 710h
Samsung;ноутбук;NP-series;Серия НП;0;Samsung NP r711;Самсунг NP-r711;NP r711;NP;NP;NP-r711;НП;НП;NP R 711
Samsung;ноутбук;NP-series;Серия НП;0;Samsung NP r717;Самсунг NP-r717;NP r717;NP;NP;NP-r717;НП;НП;NP R 717
Samsung;ноутбук;NP-series;Серия НП;0;Samsung NP r719;Самсунг NP-r719;NP r719;NP;NP;NP-r719;НП;НП;NP R 719
Samsung;ноутбук;NP-series;Серия НП;0;Samsung NP r720;Самсунг NP-r720;NP r720;NP;NP;NP-r720;НП;НП;NP R 720
Samsung;ноутбук;NP-series;Серия НП;0;Samsung NP r728;Самсунг NP-r728;NP r728;NP;NP;NP-r728;НП;НП;NP R 728
Samsung;ноутбук;NP-series;Серия НП;0;Samsung NP r730;Самсунг NP-r730;NP r730;NP;NP;NP-r730;НП;НП;NP R 730
Samsung;ноутбук;NP-series;Серия НП;0;Samsung NP r730 jt06ru;Самсунг NP-r730 jt06ru;NP r730 jt06ru;NP;NP;NP-r730 jt06ru;НП;НП;NP R 730 jt06ru
Samsung;ноутбук;NP-series;Серия НП;0;Samsung NP r780;Самсунг NP-r780;NP r780;NP;NP;NP-r780;НП;НП;NP R 780
Samsung;ноутбук;NP-series;Серия НП;0;Samsung NP rc508;Самсунг NP-rc508;NP rc508;NP;NP;NP-rc508;НП;НП;NP RC 508
Samsung;ноутбук;NP-series;Серия НП;0;Samsung NP rc510;Самсунг NP-rc510;NP rc510;NP;NP;NP-rc510;НП;НП;NP RC 510
Samsung;ноутбук;NP-series;Серия НП;0;Samsung NP rc520;Самсунг NP-rc520;NP rc520;NP;NP;NP-rc520;НП;НП;NP RC 520
Samsung;ноутбук;NP-series;Серия НП;0;Samsung NP rc528;Самсунг NP-rc528;NP rc528;NP;NP;NP-rc528;НП;НП;NP RC 528
Samsung;ноутбук;NP-series;Серия НП;0;Samsung NP rc530;Самсунг NP-rc530;NP rc530;NP;NP;NP-rc530;НП;НП;NP RC 530
Samsung;ноутбук;NP-series;Серия НП;0;Samsung NP rc530 s01ru;Самсунг NP-rc530 s01ru;NP rc530 s01ru;NP;NP;NP-rc530 s01ru;НП;НП;NP RC 530 s01ru
Samsung;ноутбук;NP-series;Серия НП;0;Samsung NP rc530 s02ru;Самсунг NP-rc530 s02ru;NP rc530 s02ru;NP;NP;NP-rc530 s02ru;НП;НП;NP RC 530 s02ru
Samsung;ноутбук;NP-series;Серия НП;0;Samsung NP rc710;Самсунг NP-rc710;NP rc710;NP;NP;NP-rc710;НП;НП;NP RC 710
Samsung;ноутбук;NP-series;Серия НП;0;Samsung NP rc710 s02ru;Самсунг NP-rc710 s02ru;NP rc710 s02ru;NP;NP;NP-rc710 s02ru;НП;НП;NP RC 710 s02ru
Samsung;ноутбук;NP-series;Серия НП;0;Samsung NP rc720;Самсунг NP-rc720;NP rc720;NP;NP;NP-rc720;НП;НП;NP RC 720
Samsung;ноутбук;NP-series;Серия НП;0;Samsung NP rc728;Самсунг NP-rc728;NP rc728;NP;NP;NP-rc728;НП;НП;NP RC 728
Samsung;ноутбук;NP-series;Серия НП;0;Samsung NP rc730;Самсунг NP-rc730;NP rc730;NP;NP;NP-rc730;НП;НП;NP RC 730
Samsung;ноутбук;NP-series;Серия НП;0;Samsung NP rf410;Самсунг NP-rf410;NP rf410;NP;NP;NP-rf410;НП;НП;NP RF 410
Samsung;ноутбук;NP-series;Серия НП;0;Samsung NP rf510;Самсунг NP-rf510;NP rf510;NP;NP;NP-rf510;НП;НП;NP RF 510
Samsung;ноутбук;NP-series;Серия НП;0;Samsung NP rf511;Самсунг NP-rf511;NP rf511;NP;NP;NP-rf511;НП;НП;NP RF 511
Samsung;ноутбук;NP-series;Серия НП;0;Samsung NP rf710;Самсунг NP-rf710;NP rf710;NP;NP;NP-rf710;НП;НП;NP RF 710
Samsung;ноутбук;NP-series;Серия НП;0;Samsung NP rf711;Самсунг NP-rf711;NP rf711;NP;NP;NP-rf711;НП;НП;NP RF 711
Samsung;ноутбук;NP-series;Серия НП;0;Samsung NP rf711 s01ru;Самсунг NP-rf711 s01ru;NP rf711 s01ru;NP;NP;NP-rf711 s01ru;НП;НП;NP RF 711 s01ru
Samsung;ноутбук;NP-series;Серия НП;0;Samsung NP rf711 s03ru;Самсунг NP-rf711 s03ru;NP rf711 s03ru;NP;NP;NP-rf711 s03ru;НП;НП;NP RF 711 s03ru
Samsung;ноутбук;NP-series;Серия НП;0;Samsung NP rf712;Самсунг NP-rf712;NP rf712;NP;NP;NP-rf712;НП;НП;NP RF 712
Samsung;ноутбук;NP-series;Серия НП;0;Samsung NP rf712 s01ru;Самсунг NP-rf712 s01ru;NP rf712 s01ru;NP;NP;NP-rf712 s01ru;НП;НП;NP RF 712 s01ru
Samsung;ноутбук;NP-series;Серия НП;0;Samsung NP rs40;Самсунг NP-rs40;NP rs40;NP;NP;NP-rs40;НП;НП;NP RS 40
Samsung;ноутбук;NP-series;Серия НП;0;Samsung NP rv408;Самсунг NP-rv408;NP rv408;NP;NP;NP-rv408;НП;НП;NP RV 408
Samsung;ноутбук;NP-series;Серия НП;0;Samsung NP rv410;Самсунг NP-rv410;NP rv410;NP;NP;NP-rv410;НП;НП;NP RV 410
Samsung;ноутбук;NP-series;Серия НП;0;Samsung NP rv415;Самсунг NP-rv415;NP rv415;NP;NP;NP-rv415;НП;НП;NP RV 415
Samsung;ноутбук;NP-series;Серия НП;0;Samsung NP rv508;Самсунг NP-rv508;NP rv508;NP;NP;NP-rv508;НП;НП;NP RV 508
Samsung;ноутбук;NP-series;Серия НП;0;Samsung NP rv508 s01;Самсунг NP-rv508 s01;NP rv508 s01;NP;NP;NP-rv508 s01;НП;НП;NP RV 508 s01
Samsung;ноутбук;NP-series;Серия НП;0;Samsung NP rv509;Самсунг NP-rv509;NP rv509;NP;NP;NP-rv509;НП;НП;NP RV 509
Samsung;ноутбук;NP-series;Серия НП;0;Samsung NP rv510;Самсунг NP-rv510;NP rv510;NP;NP;NP-rv510;НП;НП;NP RV 510
Samsung;ноутбук;NP-series;Серия НП;0;Samsung NP rv511;Самсунг NP-rv511;NP rv511;NP;NP;NP-rv511;НП;НП;NP RV 511
Samsung;ноутбук;NP-series;Серия НП;0;Samsung NP rv511 s03ru;Самсунг NP-rv511 s03ru;NP rv511 s03ru;NP;NP;NP-rv511 s03ru;НП;НП;NP RV 511 s03ru
Samsung;ноутбук;NP-series;Серия НП;0;Samsung NP rv513;Самсунг NP-rv513;NP rv513;NP;NP;NP-rv513;НП;НП;NP RV 513
Samsung;ноутбук;NP-series;Серия НП;0;Samsung NP rv513l;Самсунг NP-rv513l;NP rv513l;NP;NP;NP-rv513l;НП;НП;NP RV 513l
Samsung;ноутбук;NP-series;Серия НП;0;Samsung NP rv515;Самсунг NP-rv515;NP rv515;NP;NP;NP-rv515;НП;НП;NP RV 515
Samsung;ноутбук;NP-series;Серия НП;0;Samsung NP rv518;Самсунг NP-rv518;NP rv518;NP;NP;NP-rv518;НП;НП;NP RV 518
Samsung;ноутбук;NP-series;Серия НП;0;Samsung NP rv520;Самсунг NP-rv520;NP rv520;NP;NP;NP-rv520;НП;НП;NP RV 520
Samsung;ноутбук;NP-series;Серия НП;0;Samsung NP rv709;Самсунг NP-rv709;NP rv709;NP;NP;NP-rv709;НП;НП;NP RV 709
Samsung;ноутбук;NP-series;Серия НП;0;Samsung NP rv711;Самсунг NP-rv711;NP rv711;NP;NP;NP-rv711;НП;НП;NP RV 711
Samsung;ноутбук;NP-series;Серия НП;0;Samsung NP rv718;Самсунг NP-rv718;NP rv718;NP;NP;NP-rv718;НП;НП;NP RV 718
Samsung;ноутбук;NP-series;Серия НП;0;Samsung NP rv720;Самсунг NP-rv720;NP rv720;NP;NP;NP-rv720;НП;НП;NP RV 720
Samsung;ноутбук;NP-series;Серия НП;0;Samsung NP sa31;Самсунг NP-sa31;NP sa31;NP;NP;NP-sa31;НП;НП;NP SA 31
Samsung;ноутбук;NP-series;Серия НП;0;Samsung NP sf310;Самсунг NP-sf310;NP sf310;NP;NP;NP-sf310;НП;НП;NP SF 310
Samsung;ноутбук;NP-series;Серия НП;0;Samsung NP sf310 s02ru;Самсунг NP-sf310 s02ru;NP sf310 s02ru;NP;NP;NP-sf310 s02ru;НП;НП;NP SF 310 s02ru
Samsung;ноутбук;NP-series;Серия НП;0;Samsung NP sf311;Самсунг NP-sf311;NP sf311;NP;NP;NP-sf311;НП;НП;NP SF 311
Samsung;ноутбук;NP-series;Серия НП;0;Samsung NP sf410;Самсунг NP-sf410;NP sf410;NP;NP;NP-sf410;НП;НП;NP SF 410
Samsung;ноутбук;NP-series;Серия НП;0;Samsung NP sf411;Самсунг NP-sf411;NP sf411;NP;NP;NP-sf411;НП;НП;NP SF 411
Samsung;ноутбук;NP-series;Серия НП;0;Samsung NP sf510;Самсунг NP-sf510;NP sf510;NP;NP;NP-sf510;НП;НП;NP SF 510
Samsung;ноутбук;NP-series;Серия НП;0;Samsung NP sf511;Самсунг NP-sf511;NP sf511;NP;NP;NP-sf511;НП;НП;NP SF 511
Samsung;ноутбук;NP-series;Серия НП;0;Samsung NP540u4e;Самсунг NP540u4e;NP540u4e;NP;NP;NP540u4e;НП;НП;NP 540u4e
Samsung;ноутбук;NP-series;Серия НП;0;Samsung NP v30;Самсунг NP-v30;NP v30;NP;NP;NP-v30;НП;НП;NP V 30
Samsung;ноутбук;NP-series;Серия НП;0;Samsung NP v300;Самсунг NP-v300;NP v300;NP;NP;NP-v300;НП;НП;NP V 300
Samsung;ноутбук;NP-series;Серия НП;0;Samsung NP x;Самсунг NP-x;NP x;NP;NP;NP-x;НП;НП;NP X 
Samsung;ноутбук;NP-series;Серия НП;0;Samsung NP x1;Самсунг NP-x1;NP x1;NP;NP;NP-x1;НП;НП;NP X 1
Samsung;ноутбук;NP-series;Серия НП;0;Samsung NP x10;Самсунг NP-x10;NP x10;NP;NP;NP-x10;НП;НП;NP X 10
Samsung;ноутбук;NP-series;Серия НП;0;Samsung NP x10 plus;Самсунг NP-x10 plus;NP x10 plus;NP;NP;NP-x10 plus;НП;НП;NP X 10 plus
Samsung;ноутбук;NP-series;Серия НП;0;Samsung NP x11;Самсунг NP-x11;NP x11;NP;NP;NP-x11;НП;НП;NP X 11
Samsung;ноутбук;NP-series;Серия НП;0;Samsung NP x118;Самсунг NP-x118;NP x118;NP;NP;NP-x118;НП;НП;NP X 118
Samsung;ноутбук;NP-series;Серия НП;0;Samsung NP x120;Самсунг NP-x120;NP x120;NP;NP;NP-x120;НП;НП;NP X 120
Samsung;ноутбук;NP-series;Серия НП;0;Samsung NP x125;Самсунг NP-x125;NP x125;NP;NP;NP-x125;НП;НП;NP X 125
Samsung;ноутбук;NP-series;Серия НП;0;Samsung NP x15;Самсунг NP-x15;NP x15;NP;NP;NP-x15;НП;НП;NP X 15
Samsung;ноутбук;NP-series;Серия НП;0;Samsung NP x20;Самсунг NP-x20;NP x20;NP;NP;NP-x20;НП;НП;NP X 20
Samsung;ноутбук;NP-series;Серия НП;0;Samsung NP x22;Самсунг NP-x22;NP x22;NP;NP;NP-x22;НП;НП;NP X 22
Samsung;ноутбук;NP-series;Серия НП;0;Samsung NP x30;Самсунг NP-x30;NP x30;NP;NP;NP-x30;НП;НП;NP X 30
Samsung;ноутбук;NP-series;Серия НП;0;Samsung NP x360;Самсунг NP-x360;NP x360;NP;NP;NP-x360;НП;НП;NP X 360
Samsung;ноутбук;NP-series;Серия НП;0;Samsung NP x418;Самсунг NP-x418;NP x418;NP;NP;NP-x418;НП;НП;NP X 418
Samsung;ноутбук;NP-series;Серия НП;0;Samsung NP x420;Самсунг NP-x420;NP x420;NP;NP;NP-x420;НП;НП;NP X 420
Samsung;ноутбук;NP-series;Серия НП;0;Samsung NP x460;Самсунг NP-x460;NP x460;NP;NP;NP-x460;НП;НП;NP X 460
Samsung;ноутбук;NP-series;Серия НП;0;Samsung NP x460 as05ru;Самсунг NP-x460 as05ru;NP x460 as05ru;NP;NP;NP-x460 as05ru;НП;НП;NP X 460 as05ru
Samsung;ноутбук;NP-series;Серия НП;0;Samsung NP x50;Самсунг NP-x50;NP x50;NP;NP;NP-x50;НП;НП;NP X 50
Samsung;ноутбук;NP-series;Серия НП;0;Samsung NP x520;Самсунг NP-x520;NP x520;NP;NP;NP-x520;НП;НП;NP X 520
Samsung;ноутбук;NP-series;Серия НП;0;Samsung NP x65;Самсунг NP-x65;NP x65;NP;NP;NP-x65;НП;НП;NP X 65
Samsung;ноутбук;NP-series;Серия НП;0;Samsung NP xe303c12;Самсунг NP-xe303c12;NP xe303c12;NP;NP;NP-xe303c12;НП;НП;NP XE 303c12
Samsung;ноутбук;NP-series;Серия НП;0;Samsung NP xe500t1c;Самсунг NP-xe500t1c;NP xe500t1c;NP;NP;NP-xe500t1c;НП;НП;NP XE 500t1c
Samsung;ноутбук;Ativ Book;Атив Бук;1;Samsung Ativ Book 2;Самсунг Атив Бук 2;2;2;Ativ Book;2;АБ;Атив Бук;2
Samsung;ноутбук;Ativ Book;Атив Бук;1;Samsung Ativ Book 3;Самсунг Атив Бук 3;3;3;Ativ Book;3;АБ;Атив Бук;3
Samsung;ноутбук;Ativ Book;Атив Бук;1;Samsung Ativ Book 4;Самсунг Атив Бук 4;4;4;Ativ Book;4;АБ;Атив Бук;4
Samsung;ноутбук;Ativ Book;Атив Бук;1;Samsung Ativ Book 5;Самсунг Атив Бук 5;5;5;Ativ Book;5;АБ;Атив Бук;5
Samsung;ноутбук;Ativ Book;Атив Бук;1;Samsung Ativ Book 6;Самсунг Атив Бук 6;6;6;Ativ Book;6;АБ;Атив Бук;6
Samsung;ноутбук;Ativ Book;Атив Бук;1;Samsung Ativ Book 7;Самсунг Атив Бук 7;7;7;Ativ Book;7;АБ;Атив Бук;7
Samsung;ноутбук;Ativ Book;Атив Бук;1;Samsung Ativ Book 8;Самсунг Атив Бук 8;8;8;Ativ Book;8;АБ;Атив Бук;8
Samsung;ноутбук;Ativ Book;Атив Бук;1;Samsung Ativ Book 9;Самсунг Атив Бук 9;9;9;Ativ Book;9;АБ;Атив Бук;9